33.5821963065912,74.2328605651855,0,141.530975341797,165.234664916992,156.379608154297,0,0,0,194.021926879883,169.75333404541,98.0131950378418,0,58.4534299459802,0,0,81.0843849182129,101.995025634766,0,0,134.110937330458,134.76383972168,175.10432434082,0,126.710777282715,0,63.0302702585856,0,101.888038635254,155.974448394775,0,133.623168945312,142.594375610352,88.6553823682997,123.008307254676,93.0763092041016,114.810256958008,163.167781829834,150.525451660156,140.639863755968,102.071969032288,0,0,0,50.6112465006965,50.7024997120172,54.9930831674944,191.994430541992,131.948663075765,127.371742835412,0,162.317352294922,135.928239822388,0,93.952507019043,0,0,56.3597055757549,168.284791564941,0,0,122.539265950521,0,117.187095006307,0,145.651836395264,0,0,176.127464294434,0,53.9851195789943,0,0,0,0,198.641830444336,0,0,0,0,191.511268615723,0,144.087162017822,0,0,0,0,73.5454295930408,0,121.411014795303,88.4084127866305,198.590118408203,198.666275024414,0,131.88653717041,0,174.341506958008,0,156.461566162109,136.693824768066
0,37.3010080482649,0,99.5735245872946,87.1656532287598,99.297404050827,0,0,118.687828757546,81.82000096639,108.853065490723,43.2019727476712,0,100.421906607492,173.80899810791,0,79.8023708472818,50.838479707981,117.792579650879,124.83464050293,129.406199368564,148.447344853328,92.183513475501,161.338427225749,0,135.616241455078,107.862483342489,117.107501559787,190.027212524414,150.943717956543,129.695587158203,101.69550214495,110.02138264974,108.646596272786,145.831352233887,56.0367882228134,111.205060612072,68.6268568540874,164.999900817871,104.450450897217,109.294798714774,89.203244527181,0,158.952893575033,124.734420776367,79.2415292527941,89.1673234303792,125.725486755371,0,102.051734924316,169.308303833008,51.7611706775168,139.570734659831,0,43.3324210708206,80.5738361358643,160.393157958984,57.5740773027593,160.326766967773,0,0,116.279265721639,0,77.7810619354248,0,140.108085632324,0,95.1412963867188,0,0,71.4176497357957,122.974640341366,198.625473022461,78.270881652832,97.9618606567383,152.181853400336,144.489654541016,160.579633076986,88.108814239502,154.43602142334,123.726768493652,154.524932861328,118.778635025024,114.040229797363,0,99.7485735966609,0,95.6671924591064,0,126.673942565918,101.31563241931,129.689147949219,0,116.210895831768,86.1195202933417,0,125.682548522949,110.456454046841,151.564215766059,110.605565671568
0,0,27.2012153466543,0,0,0,0,44.6190490722656,80.9421467500574,0,0,0,176.189651489258,0,0,112.871437072754,0,0,32.4507269492516,36.4999287439429,0,0,0,0,0,66.7317687988281,0,36.5184632672204,0,0,78.192798614502,165.214691162109,25.7449164390564,0,0,180.249465942383,0,0,51.0327005516993,121.842781066895,0,0,144.657653808594,71.9596358405219,0,0,0,0,0,0,0,90.6299620408278,0,151.526428222656,0,0,29.556000550588,0,0,0,108.857228851318,0,0,80.5923798878988,0,0,0,0,0,0,0,75.4546180725098,94.0639724731445,0,0,95.3426259358724,0,56.8733567277046,37.1726616946134,0,0,0,0,114.890380859375,0,0,0,0,0,0,173.179214477539,0,0,54.1491792678833,100.784814834595,0,0,139.558990478516,87.9806915283203,0
0,0,0,49.3779708518357,161.420166015625,139.130142211914,0,0,128.696350097656,146.472686767578,133.418895852977,123.307058652242,0,99.5746406555176,105.00032043457,167.190032958984,97.7499232821994,97.0826461791992,0,164.346069335938,126.84028767177,119.426694984436,95.3736801147461,0,137.490705217634,0,89.8421630859375,163.315551757812,95.4951792265239,134.388463134766,133.969902038574,167.943614196777,0,82.8599257544866,128.710113525391,136.549076080322,99.6594182527982,155.519874572754,0,72.786294570336,111.242575595253,141.022175380162,162.36604309082,96.4835662841797,108.028831481934,108.021095275879,93.4054797323127,0,167.286758422852,78.0864944458008,0,145.128234863281,0,0,156.611333211263,125.791484832764,153.460754394531,137.093659083048,192.056060791016,162.3125,0,144.187377929688,0,109.399972475492,193.039566040039,149.476936340332,198.081176757812,161.503112792969,133.520783273797,166.073192596436,122.309516906738,0,123.243251800537,0,0,125.856422223543,0,0,137.730895996094,110.349936076573,176.65523147583,0,135.362891133626,0,0,111.85279083252,0,57.1013401576451,0,132.049055480957,50.46474934419,155.132516406831,185.214904785156,0,123.588340759277,0,76.7330662191731,147.812431335449,147.227746963501,134.636283874512
0,0,0,0,26.3183089242855,0,0,0,0,58.4097727262057,144.889526367188,50.498420715332,144.518844604492,0,39.7284062054692,161.409866333008,0,0,0,0,156.43615436554,146.742862156459,0,159.375823974609,103.39461517334,0,132.524566650391,189.900466918945,148.011100769043,101.285985310872,177.211578369141,114.804573059082,130.600830078125,0,0,70.4139445877075,0,51.6597238070723,0,0,178.362930297852,177.319854736328,144.611709594727,0,166.370681762695,132.527954101562,112.73461151123,0,86.0815391540527,120.214706420898,155.345108032227,0,59.0713588396708,0,0,112.056858409535,0,100.382698059082,49.9008266627789,94.7441635131836,167.43376159668,0,0,93.6945943832397,0,63.1333806297996,70.4952139603464,0,126.71587117513,190.733947753906,0,0,0,107.012626647949,51.0411145346505,155.368545532227,176.156356811523,0,0,0,100.308847639296,158.398941040039,59.3483644953945,0,0,0,47.9225621725384,0,179.840026855469,98.9709167480469,120.597053527832,132.665676879883,118.374470103871,0,0,0,187.014854431152,0,198.668441772461,0
0,0,0,0,0,40.5275796976956,0,164.866958618164,41.4221581398173,0,0,147.492889404297,168.131332397461,0,0,165.406845092773,53.6190088135856,71.9921707645539,0,110.873016357422,0,163.513633728027,50.9895335671431,0,171.852890014648,94.6901830037435,129.682098388672,131.842604319255,112.788017272949,0,124.68514578683,125.42972056071,0,142.44957224528,0,118.426034291585,70.6971658979143,147.948608398438,96.3779711042132,117.53529160111,0,0,175.342384338379,0,0,131.775085449219,137.15641784668,0,0,0,0,94.7499876022339,0,0,51.6871878884055,0,0,128.495536804199,0,190.819564819336,144.830797831217,106.287855529785,0,104.856474442915,0,0,0,0,0,184.571342468262,151.525909423828,51.8965730464205,107.493598937988,0,0,130.945966448103,171.283081054688,109.530372619629,0,131.634262084961,149.527191162109,0,199.024917602539,0,181.099937438965,53.2834033298492,0,0,0,0,119.282318878174,198.587463378906,153.737579345703,91.3613446553548,119.78882598877,0,128.077319335937,67.5029043859365,114.860444773798,111.618965148926
0,0,0,0,0,0,26.4861534500122,37.6964973837642,126.793907165527,89.072260538737,136.535415649414,95.1640270457548,76.2428436279297,0,146.563873291016,53.2085857391357,0,0,47.1523827772874,51.990431617288,180.39973449707,170.710070292155,0,56.2313561159022,0,89.1764907836914,0,0,0,0,0,65.8774220466614,62.1566198893956,0,0,171.242584228516,0,117.60880279541,0,0,198.834167480469,85.036838218814,84.9711278279622,85.0466396808624,0,0,0,70.8028316497803,152.561157226562,0,0,0,0,55.1489735383254,0,0,70.9032958637584,168.349128723145,159.527267456055,0,106.371822357178,0,35.931914637639,94.2652786254883,66.1308432358962,0,0,79.5294704437256,0,0,198.784164428711,0,0,48.5224514007568,171.331985473633,0,40.9456105232239,102.017524719238,84.3278329748856,0,0,32.0773057937622,113.395210266113,102.602329969406,0,0,0,0,54.6588970633114,174.164749145508,0,0,84.5771295626958,0,124.023194449289,33.349200600072,0,0,0,0
0,0,0,0,0,0,0,30.7736793739208,96.6499641055153,98.3293673197428,0,88.0190073649089,134.914936610631,0,0,73.5816581032493,0,0,25.7006031274796,36.2894514719645,167.392074584961,139.69075012207,0,71.8037877082825,0,40.4906430380685,0,114.77169418335,0,162.418930053711,61.8348256624662,42.4423822256235,47.8248273488638,0,0,125.857879638672,0,90.3095092773438,127.959988911947,0,0,70.3547565460205,83.1119692484538,79.2733628012917,0,0,0,147.585845947266,0,0,158.341018676758,120.557116190592,0,54.2833160935787,0,0,56.4513748168945,0,0,0,46.1024221532485,0,55.7013397216797,81.4241655137804,89.6170587539673,0,0,100.926765441895,0,0,0,0,28.9375376701355,71.2441596984863,0,123.517496109009,52.5570118313744,52.2652893066406,57.2863857481215,190.893142700195,150.036926269531,36.7838388170515,190.882797241211,30.7432034810384,0,0,0,0,62.917978140024,0,0,183.98762512207,57.913998156786,0,84.2967224121094,34.7776543417973,0,0,0,0
0,0,0,0,0,0,0,0,32.0874581972758,186.090255737305,158.424072265625,67.6606451670329,183.634440104167,0,0,167.682240804036,81.2770390944047,72.0528162609447,81.9681986490885,89.6808855975116,0,0,70.1889828902025,0,0,88.8703918457031,0,57.3145542144775,147.509868621826,0,135.346319580078,154.473556518555,67.8445470809936,198.7138671875,0,95.9552707672119,115.734733581543,79.2691383361816,101.547897702172,151.006225585938,0,0,175.393908691406,34.7669256329536,0,165.237640380859,180.916961669922,0,0,183.145919799805,160.914558410645,28.0125984595372,0,155.513549804688,17.0904475166684,0,81.2014198303223,85.9100601196289,0,0,118.639325823103,101.264264424642,0,97.6603672390892,0,0,0,0,180.958908081055,171.202194213867,163.415084838867,36.4601610802315,104.908855438232,0,114.845748901367,142.37628004286,134.863571166992,104.856736269864,51.9726986885071,156.031079292297,0,191.108932495117,0,0,0,60.8981424513317,0,0,198.699020385742,0,0,158.226867675781,0,92.3704563776652,52.8415617509322,119.269309997559,147.041156005859,105.161424636841,107.286963029341,140.363481140137
0,0,0,0,0,0,0,0,0,18.5078785008398,144.967018127441,78.996789932251,120.228797912598,162.513198852539,189.346965789795,95.7328923543294,0,198.720230102539,0,121.701464335124,149.689814758301,125.990751266479,185.145553588867,84.4576768875122,101.928016662598,113.667774200439,198.936828613281,0,158.867065429688,132.171993255615,162.438242594401,87.8038800557454,78.2169952392578,0,180.060707092285,89.0256271362305,0,43.8797983198024,0,167.258193969727,198.825302124023,84.0181007385254,44.9878165721893,164.916473388672,0,0,0,0,177.484817504883,176.251266479492,121.067768641881,137.543197631836,158.878440856934,97.8471977233887,0,0,171.265319824219,0,180.298294067383,68.9734471638997,127.06064860026,0,141.856231689453,115.48705516142,0,53.4806416829427,78.2413883209229,0,182.063201904297,107.554138183594,0,198.643524169922,119.790596008301,94.1375503540039,120.182528177897,132.659804344177,104.135062866211,147.697004838423,164.270004272461,141.644683837891,77.4041525522868,113.557638871042,64.5079629898071,0,109.906410217285,177.347518920898,34.2323934555054,0,100.556816101074,159.227917480469,171.892967224121,139.628260294596,42.2000078473772,0,107.006546020508,76.2543363571167,156.452947344099,0,178.117874145508,190.271957397461
0,0,0,0,0,0,0,0,0,0,43.0617844573851,122.534601211548,159.378845214844,133.331738789876,162.730308532715,0,134.780044555664,166.739036560059,0,0,55.8031859184379,72.8546152259364,0,155.570709228516,89.2082346652416,0,122.764528910319,0,118.451473236084,57.6468698721666,0,130.009991963704,0,133.478715784409,79.0803426106771,149.963981628418,141.062780380249,115.340713500977,0,176.885548909505,59.2742907206217,127.709435096154,0,0,119.701477050781,198.564331054688,137.341928482056,0,198.07438659668,142.779037475586,145.373218536377,198.391609191895,133.585901896159,147.520553588867,0,0,0,149.102333068848,118.108010292053,96.6096038818359,0,0,0,125.201702880859,0,101.424166043599,97.2014381408691,0,63.3741172019472,104.242811203003,148.724925648082,0,88.1321105957031,135.673614501953,147.456314086914,146.034881591797,0,174.334396362305,198.715682983398,151.867637634277,107.464651743571,0,99.5373777731871,0,198.700805664062,0,0,0,163.458297729492,45.6626853942871,124.501634268925,62.0989102417568,113.427852085658,0,0,0,152.23497467041,0,0,0
0,0,0,0,0,0,0,0,0,0,0,34.5243001665388,151.864276592548,115.947682274712,65.2879667282104,128.681613922119,130.027976989746,78.3303146362305,108.692031860352,0,126.451013183594,121.963765780131,132.981718444824,105.241083780924,129.461283683777,0,83.6621507644653,0,130.709322248186,121.718843313364,147.725336710612,74.2055721282959,77.5066583421495,127.788157463074,135.257536570231,63.1096125912954,103.167035420736,51.8229777626369,138.872595214844,118.839807363657,87.3802833557129,65.5970086184415,121.539862496512,71.2129022810194,105.718090057373,103.338778686523,99.0252431233724,0,58.3638305664062,87.0062661170959,135.645435333252,72.5842617259306,132.369031906128,91.0064196586609,68.5864794254303,59.2318509708751,91.1017347063337,86.0046671458653,71.7574632644653,142.108741760254,141.371431623186,184.32266998291,112.206091562907,55.0576252718584,92.1080093383789,130.320672607422,87.3106231689453,77.2964553833008,123.513224283854,130.771642684937,117.895576477051,0,122.857192993164,83.5045539008246,63.3227980477469,138.699666803533,139.134260559082,136.635551452637,40.4376121097141,160.999063491821,120.951157706124,151.450084686279,55.2172475728122,86.5199114481608,111.417035420736,100.988327026367,60.7457478841146,114.46634165446,127.009267171224,137.748540242513,122.38161722819,127.860105074369,77.5308569883689,149.458427429199,46.2383151469023,95.0922730763753,135.896670818329,0,146.989028930664,113.873512268066
0,0,0,0,0,0,0,0,0,0,0,0,55.5211766038961,0,198.463195800781,93.4837804941031,0,176.114608764648,0,87.0674304962158,154.051112583705,137.248808288574,149.381103515625,0,118.885140736898,100.062474250793,198.676406860352,0,136.699803352356,115.939498901367,104.11273399353,81.4600192375903,0,154.626787185669,162.725574493408,0,0,126.77567952474,168.745995415582,175.878646850586,0,0,101.045324802399,173.697572980608,0,0,0,0,0,0,57.4670620287879,178.901138305664,0,85.6366996765137,190.076263427734,0,0,0,161.626607259115,0,68.450509779381,0,64.335693359375,124.239247939166,0,156.337829589844,160.625061035156,0,126.593994140625,67.5005679748676,0,0,98.6749183654785,0,0,79.3618819083574,66.4865481593821,139.392407490657,0,107.511876658389,113.29812002182,56.2953806866656,121.110277175903,0,90.6428907057818,188.263412475586,135.751129150391,0,89.6786541185881,171.415267944336,175.031967163086,96.8697792689006,97.5309028625488,0,173.441072736468,79.4459272112165,168.31819152832,190.901977539062,176.942105611165,0
0,0,0,0,0,0,0,0,0,0,0,0,0,42.6845352990287,130.687337239583,0,103.973541259766,87.5767097473145,0,0,123.543648295932,178.092399597168,0,0,123.271463394165,0,52.5841515320998,0,120.810333251953,126.154520901767,0,153.542938232422,0,110.430417378743,122.347121893191,133.031397819519,123.730255126953,141.048743247986,198.106842041016,156.465606689453,86.9546916144235,113.854934692383,197.100692749023,0,42.6610440863184,86.8624682653518,41.7916729079353,0,130.050576430101,78.8788589881017,0,145.591369628906,136.137459698845,0,0,59.5941382514106,0,100.79893320257,135.233975001744,0,0,0,0,115.048002243042,0,148.912763807509,181.347412109375,0,192.748153686523,0,81.657168168288,0,0,0,112.956783040365,163.351089477539,0,198.683258056641,0,114.780246734619,0,0,145.284023284912,0,0,0,0,82.2129211425781,0,117.849731560909,61.7926706453649,198.739532470703,147.442535400391,0,129.7067527771,0,133.299190139771,0,0,198.61669921875
0,0,0,0,0,0,0,0,0,0,0,0,0,0,32.4096019638251,161.690223693848,0,0,0,198.635437011719,142.435559590658,163.629541015625,0,0,141.567680358887,0,116.799310472276,0,114.902786254883,151.100453694661,0,0,0,103.941802978516,82.5739806038993,102.233552234929,0,105.986497012052,0,0,86.818286895752,0,173.813966751099,0,126.044804573059,121.429631551107,161.366317749023,0,42.4174724449789,53.2350657890583,173.805770874023,0,49.2507795027967,135.560546875,0,106.909513105829,0,132.787835257394,63.6036642586313,121.900382995605,196.143122355143,0,0,106.042170715332,0,81.0822329521179,135.636394500732,0,134.706832885742,0,0,0,136.658023834229,140.682357788086,38.7682428908074,181.110740661621,188.410512288411,0,0,189.818379720052,0,163.917419433594,80.1634772057627,0,0,0,116.752323150635,0,0,74.7769241333008,198.707107543945,166.713661193848,130.076837539673,0,0,0,163.385108947754,0,0,0
0,0,0,0,0,0,0,0,0,0,0,0,0,0,0,31.0395814375444,0,0,103.178379821777,95.8929188068096,164.764274597168,0,198.895309448242,65.4090690612793,84.8806772232056,71.3069755554199,0,0,128.064020792643,183.662635803223,135.56626256307,132.375920613607,114.462601401589,149.561904907227,0,0,0,103.520176107233,0,0,0,77.3887023925781,46.9264500719128,174.915145874023,0,0,0,0,0,0,74.5630311057681,193.925659179688,155.472885131836,33.6534102613276,198.601928710938,0,119.30481338501,0,129.826517377581,66.117798614502,92.9321489969889,0,57.8458115713937,145.019708113237,146.619155883789,131.205793108259,88.2187052832709,0,0,110.315813237971,0,198.735961914062,150.959175109863,56.4970932006836,0,125.042792956034,61.6260077549861,124.095916748047,119.23413848877,141.530212402344,77.0991579691569,76.9304187608802,109.173404590504,74.1639633178711,50.6194640673124,0,0,0,49.6661851671007,0,0,136.948947906494,64.7622367011176,0,179.06244913737,48.1124829791841,151.813044230143,186.139175415039,194.050323486328,179.092559814453
0,0,0,0,0,0,0,0,0,0,0,0,0,0,0,0,43.2699265616281,53.9634303376481,0,0,146.20045263117,147.846707480294,57.4073296366511,0,138.537322998047,168.297027587891,0,138.583560943604,119.116655985514,182.562202453613,0,0,0,122.538661956787,166.07861328125,113.186884562174,64.8882673221783,173.662414550781,0,93.8000909993937,123.936819076538,126.479621887207,0,113.85961151123,0,97.0706481933594,98.7265420641218,0,0,146.432769775391,172.229499816895,117.344203472137,136.716201782227,188.112289428711,60.4109161601347,0,0,104.076502631692,138.69384765625,0,0,99.460923165986,0,104.944845676422,0,165.428548177083,0,0,0,0,69.4229480132316,121.40351322719,123.669189453125,0,0,160.363342285156,0,158.296455383301,0,141.160119056702,0,0,169.89714050293,0,0,109.127411978585,185.965133666992,50.2694315910339,0,170.296199798584,92.939407472688,170.324452718099,144.467247009277,128.965834617615,112.143392562866,0,125.536315516422,76.7083274760145,126.920895258586,99.4172638300303
0,0,0,0,0,0,0,0,0,0,0,0,0,0,0,0,0,34.0445493743533,0,0,154.924772898356,135.760972159249,55.9990002565217,0,146.514078776042,0,0,113.472922105056,138.25772857666,0,143.523532867432,116.744426727295,0,0,140.49462890625,78.4227568308512,98.8766460418701,76.7871833801269,110.734792073568,87.8166899609922,171.803863525391,121.837518056234,0,106.265904744466,0,114.652044677734,97.2416932242257,0,0,0,182.008239746094,60.6960237166461,0,0,52.0702035170335,80.2609634399414,0,69.6794417429779,0,0,195.060394287109,102.629404449463,0,79.9760520935059,0,0,0,0,162.890213012695,0,99.8081917232937,101.897502192744,150.985015869141,118.826446533203,0,130.990957086737,0,153.406051635742,0,113.168253580729,190.08154296875,0,138.602344512939,0,0,95.575186252594,0,72.8722358703613,0,146.463775634766,99.1546652842376,140.604550679525,175.697570800781,89.5010410944621,55.8405805734488,0,108.474999389648,74.4526115841336,128.641994769757,106.876875490756
0,0,0,0,0,0,0,0,0,0,0,0,0,0,0,0,0,0,31.4667663574219,30.030497249804,0,0,0,140.656155904134,0,113.928476333618,0,56.2184473673503,0,0,0,94.132391611735,50.8266233444214,0,0,0,0,0,38.615406036377,0,0,86.6771710713704,97.4489517211914,79.0654191103849,0,0,0,63.477897644043,0,0,0,98.9726455688477,0,124.447497049967,136.650146484375,0,26.3605761784379,0,0,0,94.5357360839844,0,64.7134353637695,100.203841739231,51.7387571895824,0,0,66.868350982666,0,0,0,89.034309387207,0,0,0,0,43.5653991699219,75.8597972869873,63.7307683853876,0,0,52.1014152526855,0,67.5353270173073,0,0,0,0,90.4688949584961,0,0,0,126.54048538208,0,94.6254603068034,55.9841840532091,0,0,0,0
0,0,0,0,0,0,0,0,0,0,0,0,0,0,0,0,0,0,0,27.6859877109528,198.584823608398,0,0,95.5283050537109,163.298095703125,42.661402130127,0,74.0596642745169,107.94068145752,0,38.4719396318708,123.755233001709,51.6727783896706,0,0,0,0,126.765357971191,139.523845672607,0,0,0,103.381685032564,94.079931804112,0,0,0,0,0,189.945877075195,171.325531005859,113.145423110651,0,77.7862904866536,0,0,63.9072519938151,0,0,0,55.4017068099976,0,60.4866300310407,87.263076171875,0,0,184.052841186523,0,0,0,198.807495117188,102.317742120652,77.458349609375,0,0,184.004547119141,60.9846697161275,35.0775793145556,75.2965133190155,0,167.178955078125,38.8085919657061,125.683113098145,0,125.766944885254,121.727752685547,0,198.792510986328,66.34645392678,198.552520751953,196.986770629883,0,98.4990852355957,0,109.111494445801,56.1196147918701,0,185.041229248047,185.052017211914,198.759567260742
0,0,0,0,0,0,0,0,0,0,0,0,0,0,0,0,0,0,0,0,38.681418070828,97.4901642285861,187.925094604492,181.097724914551,106.384687311509,0,104.437028884888,198.558776855469,130.387626647949,74.6866430420059,198.664764404297,132.613362630208,152.856725056966,85.9436018683694,67.0537958878737,156.603988647461,134.555557250977,136.114542107833,0,198.403854370117,63.5258849604746,129.897694057888,135.13271522522,0,155.102111816406,161.412531534831,123.072430292765,0,82.4127244949341,146.539508501689,136.470389229911,196.023578643799,99.4015342712402,130.666381835938,0,148.305835723877,0,152.750377655029,107.918776893616,87.1539154052734,174.537750244141,168.445983886719,198.803436279297,119.118736035896,0,94.307736714681,99.1123580932617,0,89.3292815379607,119.070088838276,138.975479125977,0,118.781471252441,142.629272460938,130.324066162109,151.443163553874,0,173.1044921875,0,146.090183681912,136.247765677316,194.270683288574,94.2790389060974,173.322540283203,157.441452026367,0,144.590454101562,152.920832824707,181.923362731934,57.1740626209187,125.468015688275,94.5848468939463,124.135855934837,0,161.877917819553,194.062469482422,135.58129119873,189.342041015625,185.135437011719,194.948516845703
0,0,0,0,0,0,0,0,0,0,0,0,0,0,0,0,0,0,0,0,0,58.1457167972218,160.166996002197,195.841766357422,101.884493741122,145.98104095459,138.786429665305,198.705184936523,107.752210315905,112.329587682088,168.492416381836,119.352016448975,0,93.761156787611,168.801205444336,151.925458635603,136.900787353516,125.613109479632,0,159.059600321452,100.25213938746,129.452099936349,170.562477111816,154.937164306641,196.074172973633,0,151.412518024445,0,175.190353393555,149.794174194336,150.890538896833,177.246490478516,147.848286437988,173.012985229492,166.657119750977,162.408630371094,184.138977050781,177.516990661621,137.510707007514,119.402851867676,158.651021321615,0,183.170639038086,124.054474127097,0,112.855262756348,99.5278773837619,0,78.2977439813447,90.2618476726391,156.742746988932,198.660125732422,125.436720275879,152.479122161865,176.423422241211,77.1105336004229,0,193.784942626953,0,96.9348703872326,116.583505069508,116.697296142578,100.496786910496,183.037216186523,154.657846450806,171.74422454834,138.737794240316,131.020689222548,145.881047566732,155.584614345006,130.483095651385,47.6054952076503,110.85231590271,0,149.456760406494,198.771560668945,93.7476150138038,169.252990722656,162.257705688477,0
0,0,0,0,0,0,0,0,0,0,0,0,0,0,0,0,0,0,0,0,0,0,40.240950794781,0,150.507034301758,103.883277893066,0,100.167785644531,126.289053780692,0,117.315628051758,183.288024902344,0,189.983402252197,195.903335571289,124.681182861328,78.8765961907127,174.926806640625,133.069370269775,102.514329216697,0,0,155.439376831055,0,0,0,175.140914916992,0,0,0,172.558540344238,102.278816223145,0,0,87.9664151668549,144.030479431152,0,128.931219100952,0,151.666229248047,0,81.5774124993218,0,79.2960267748151,0,0,0,0,190.55216217041,0,146.342876434326,85.4403410691481,74.761173248291,0,0,132.971871115945,0,165.432052612305,0,114.187867736816,162.776931762695,0,130.174324035645,0,157.851089477539,50.987398927862,0,0,0,174.112319946289,106.880229949951,0,118.210536193848,94.3938745771136,96.2621154785156,0,104.865497112274,51.8371630774604,118.145732334682,86.7713504367404
0,0,0,0,0,0,0,0,0,0,0,0,0,0,0,0,0,0,0,0,0,0,0,26.2919988429293,0,95.1575775146484,0,0,0,181.255157470703,0,77.8786924453009,119.106653594971,0,0,152.415771484375,0,139.577774047852,0,0,0,66.1693366887618,0,123.052616119385,0,0,0,92.9917309100811,0,0,0,0,192.847267150879,61.0592623438154,0,0,119.642381668091,0,0,0,0,0,43.0838156554659,134.782863616943,118.42576675415,0,0,71.8431578477224,0,0,0,0,0,45.9018988425915,0,0,68.8160934448242,0,107.950895690918,0,0,0,150.188488006592,75.1079030036926,0,0,0,0,35.6102937970843,0,198.64111328125,190.232070922852,62.6107117107936,0,147.646369934082,44.9480287378485,0,0,0,0
0,0,0,0,0,0,0,0,0,0,0,0,0,0,0,0,0,0,0,0,0,0,0,0,33.0445516875812,0,0,0,142.00110244751,60.5546459341949,142.566101074219,0,0,135.025630187988,90.2074573516846,0,0,123.492055257161,0,163.520799909319,101.633635087447,0,116.900283813477,0,137.492980957031,0,125.73733774821,0,0,0,83.7734530218716,0,171.409510294596,0,132.605514526367,0,0,0,94.4500868445948,49.8836489121119,165.29296875,0,0,148.359199523926,0,60.7888346368616,39.9592064666748,0,55.4791659254777,67.5624796295166,198.523422241211,0,199.023422241211,158.536331176758,142.530288696289,106.410443010001,0,0,0,140.688766479492,55.157874559952,0,66.9071728587151,0,68.4523825211958,0,176.278854370117,159.29411315918,100.975671386719,103.029683113098,143.252730149489,73.4933930992061,117.509395054408,0,0,0,135.111330472506,0,0,0
0,0,0,0,0,0,0,0,0,0,0,0,0,0,0,0,0,0,0,0,0,0,0,0,0,26.3592714801911,133.509994506836,95.3754738701714,66.509251276652,0,50.8117334815893,58.7056288123131,32.6895296356895,86.7572601318359,0,0,93.0883483886719,128.036407470703,61.9881566552555,125.220352172852,198.836608886719,146.602111816406,106.630513642964,73.8137545730128,0,0,120.739105224609,0,198.752105712891,0,56.2891311645508,93.7416321890695,0,59.7525717417399,0,0,113.944137573242,132.546264648438,198.701751708984,0,61.4860544517392,0,0,38.778343221083,0,198.549606323242,0,0,0,114.101053873698,0,0,42.5652190988714,0,0,90.7197289620676,95.4099792480469,50.0986229910105,48.5192869822184,74.8203456878662,116.179653167725,62.3200950622559,112.781394958496,0,115.883026123047,85.1492919921875,0,0,95.5616493225098,198.62873840332,0,160.271575927734,83.2774062383743,94.7161407470703,94.9186703608586,49.1700816434972,0,88.333044052124,74.2586561349722,144.361958821615
0,0,0,0,0,0,0,0,0,0,0,0,0,0,0,0,0,0,0,0,0,0,0,0,0,0,29.2777151335841,0,83.8425694001027,121.096015930176,118.086221967425,105.068565368652,0,72.3745107014974,107.515077815336,103.259312311808,0,66.1929616928101,0,144.256113688151,46.2387553215027,0,198.583694458008,0,58.9374837102117,84.2329314838756,106.21560160319,0,110.657247543335,58.6609092866532,0,106.921463012695,116.872567313058,0,87.0948867797852,47.0736290124746,0,79.7157503763835,109.378791809082,0,199.18620300293,0,0,100.4570715768,0,129.346683502197,0,0,130.719146728516,154.456497192383,126.670324961344,0,93.9518775939941,0,79.4639232211643,154.964042663574,0,0,0,93.7939703805106,181.0791015625,0,124.095622380575,0,0,0,0,0,0,85.2148977120717,76.5314271450043,198.553741455078,164.844552612305,0,86.8366966247559,0,102.236511707306,0,0,0
0,0,0,0,0,0,0,0,0,0,0,0,0,0,0,0,0,0,0,0,0,0,0,0,0,0,0,37.757383915416,133.512420654297,183.126083374023,82.5212427775065,0,59.3506761030717,0,0,0,0,181.695053100586,64.5006016762026,140.466506958008,0,0,175.405303955078,49.5763289723175,0,0,0,43.6208000183105,0,0,0,116.516283671061,0,0,147.567794799805,0,28.8339150198575,159.067169189453,0,0,126.307111740112,82.3477119445801,0,100.731866983267,39.637152671814,0,0,0,0,154.311798095703,141.238749186198,45.7144184294201,95.1626586914062,0,0,109.781881159002,124.781059265137,75.8006771916929,43.9080006599426,174.239105224609,0,0,0,0,173.369491577148,50.5308406829834,0,0,154.51513671875,0,0,0,0,52.7345729768276,90.1211898803711,89.112663269043,166.715965270996,95.8385358537946,83.1831684112549,165.606104532878
0,0,0,0,0,0,0,0,0,0,0,0,0,0,0,0,0,0,0,0,0,0,0,0,0,0,0,0,39.724075063746,0,65.3280833209002,0,0,52.7783325268672,134.507293701172,0,129.738761901855,147.370384216309,0,64.6805131775992,80.1583468395731,189.133224487305,159.275421142578,0,145.473234558105,198.720581054688,0,0,0,117.565557861328,177.113830566406,180.906173706055,0,0,177.375839233398,0,0,146.23016166687,198.342788696289,169.155181884766,112.285965919495,0,0,92.1826765353863,0,171.198677062988,0,0,168.173942565918,100.406394958496,113.422622680664,156.886756896973,38.0219119857339,0,135.29104868571,100.535725752513,0,97.0750217437744,0,63.0664037605385,152.318374633789,105.84432220459,148.762630462646,0,127.065640767415,103.079956054688,0,0,0,135.933766174316,118.10650907244,126.397507667542,164.584485371908,0,127.170486450195,0,63.9006520346099,99.416690826416,87.346923828125,100.908413696289
0,0,0,0,0,0,0,0,0,0,0,0,0,0,0,0,0,0,0,0,0,0,0,0,0,0,0,0,0,50.0596991411344,198.718368530273,153.482818603516,0,117.014796447754,52.7929743860001,147.416488647461,121.892562866211,139.648881530762,0,0,128.019471602006,113.675643920898,146.485733032227,0,150.990197753906,133.735809326172,122.234017690023,0,127.331080118815,109.544687906901,121.536911010742,195.058547973633,77.7423226616599,0,150.859855651855,180.017959594727,0,130.356777954102,89.5117328785084,79.6237783432007,0,0,0,136.937153952462,0,66.5064923404014,100.475968254937,164.746742248535,64.1092529620154,103.66350775054,137.217258228975,0,0,0,135.910217285156,180.49585723877,0,198.619537353516,0,183.409255981445,120.772882734026,106.011474609375,112.118125875791,0,0,0,110.919372558594,151.408493041992,0,97.6238755544027,129.568151113149,95.7202503551136,137.94904763358,0,198.815994262695,0,159.712322998047,0,169.311828613281,0
0,0,0,0,0,0,0,0,0,0,0,0,0,0,0,0,0,0,0,0,0,0,0,0,0,0,0,0,0,0,31.8350815218548,71.454839070638,100.880327860514,77.3474464416504,0,0,0,128.903080749512,85.0356123788016,143.504692077637,105.368050711496,0,137.376580132378,0,0,0,0,0,0,0,95.9929122924805,163.509320068359,0,0,135.812088012695,0,0,0,187.040496826172,119.653869628906,49.7622213499887,89.569091796875,0,94.36746957567,0,0,0,0,121.249027252197,82.5218073527018,0,105.957614898682,50.3997462917777,0,0,91.4296823534472,147.204310946994,40.4083318710327,0,73.6960593003493,0,114.631159464518,179.431640625,0,109.098132324219,110.78540802002,0,0,0,0,157.851207733154,147.965642929077,105.53547668457,118.709728240967,126.261932373047,82.2453117370605,110.41631490534,144.873764038086,96.1703942616781,147.247253417969
0,0,0,0,0,0,0,0,0,0,0,0,0,0,0,0,0,0,0,0,0,0,0,0,0,0,0,0,0,0,0,28.3046116718026,48.3701428952424,115.925308227539,104.009300231934,115.336987813314,0,78.6985450585683,106.964408874512,136.70911916097,117.733646392822,52.012195953215,104.745819972112,55.1667930285136,0,146.72575378418,124.997571309408,56.9777450561523,119.798530578613,121.823337554932,98.7871942520142,120.279647827148,126.659820556641,48.1194684108098,95.3410663604736,0,58.6210754394531,111.363185882568,122.512255859375,0,55.3756340279871,0,84.3414164951869,56.4665176350137,58.2340454101562,155.377059936523,82.2550239562988,54.1718330383301,142.534866333008,0,198.573959350586,143.624366760254,37.3426316205193,33.4945628554733,141.221956888835,91.7977323821097,71.6386409335666,91.0366084575653,50.019169151783,102.218961715698,85.2497711181641,74.2506841023763,85.5082815170288,36.1104776594374,70.3735122680664,0,0,129.737777709961,92.6487154279436,158.779040527344,105.754791259766,130.252348327637,35.2923610953874,0,81.0239527775691,29.5748345126276,133.680744171143,184.127410888672,0,0
0,0,0,0,0,0,0,0,0,0,0,0,0,0,0,0,0,0,0,0,0,0,0,0,0,0,0,0,0,0,0,0,32.6173761716256,198.658554077148,0,129.656280517578,0,117.231355667114,69.754114151001,0,0,71.3927658928765,108.175435384115,55.7027923424207,0,171.166229248047,0,65.3818359375,0,0,0,99.9248149578388,121.806617736816,78.7548611958822,0,124.828491210938,34.5726374505271,0,0,0,102.930684831407,0,78.3155868530273,58.1761251177107,73.1701093401228,0,0,89.876678943634,0,0,0,56.5140800476074,0,46.5950741767883,0,112.828506469727,97.5617225646973,51.986584914358,36.7979420423508,0,0,78.6926651000977,105.010983784993,57.6814277172089,0,0,0,0,87.2788674490792,0,132.705642700195,0,79.763191674885,0,81.0773058924182,67.1975567891048,0,0,154.558303833008,0
0,0,0,0,0,0,0,0,0,0,0,0,0,0,0,0,0,0,0,0,0,0,0,0,0,0,0,0,0,0,0,0,0,34.812929420061,115.94909449986,123.082130432129,169.797409057617,95.7504295349121,0,127.49028523763,59.0466637791328,133.902603149414,0,158.891723632812,125.124254014757,111.175593784877,131.963048299154,0,103.086758931478,106.129605770111,0,0,160.239791870117,0,167.283203125,94.5573387145996,0,135.024547576904,157.159255981445,0,113.617233276367,0,0,129.013111461293,0,129.955307006836,107.986587524414,0,120.372346496582,108.870491027832,137.381526402065,0,52.240339362103,0,110.861848831177,96.6492251925998,0,107.947343444824,0,93.8218962135961,165.43571472168,0,112.771237373352,0,160.410018920898,0,142.500885009766,166.897857666016,0,94.1757494608561,100.895971497824,95.4840642293294,112.833010355632,0,142.859655761719,0,75.2954583408857,0,190.801170349121,118.333711242676
0,0,0,0,0,0,0,0,0,0,0,0,0,0,0,0,0,0,0,0,0,0,0,0,0,0,0,0,0,0,0,0,0,0,43.2744115065244,137.06479771932,0,152.127934773763,198.475997924805,0,113.863711357117,191.250717163086,175.261608886719,0,123.838834909292,125.77408898395,114.34178237915,0,45.5841816357204,103.096569697062,123.208274841309,0,49.918560962928,0,0,136.181966509138,0,134.407104492188,55.9758766889572,0,170.371322631836,198.493576049805,0,149.930485374049,0,84.825494493757,0,0,108.951977729797,138.536499023438,131.618731591009,0,0,0,124.73695119222,174.452550252279,167.00827331543,0,0,198.558288574219,124.642448425293,0,88.6139132181803,0,0,0,171.118804931641,121.624225616455,0,56.9806251177505,131.835650920868,83.0992965698242,129.156569163005,0,192.95783996582,0,181.472127278646,0,0,0
0,0,0,0,0,0,0,0,0,0,0,0,0,0,0,0,0,0,0,0,0,0,0,0,0,0,0,0,0,0,0,0,0,0,0,76.5912017337346,147.626321411133,59.4162258178957,0,139.570834766735,113.431087493896,113.272917175293,170.607432047526,136.597717285156,64.8559586661203,61.8064088026683,135.641914367676,0,118.853965759277,110.144843772606,0,95.8114460309346,120.314276444285,0,69.3715250832694,55.0937803685665,0,46.4173784255981,126.874407681552,0,198.684478759766,0,0,92.7763666006235,0,144.452613830566,96.0554580688477,0,0,182.01806640625,131.641305923462,150.152313232422,198.871429443359,0,85.9671277637723,145.599914550781,180.185104370117,180.51082611084,133.771713256836,167.660517374674,0,0,80.9450014432271,161.501586914062,151.391311645508,0,51.4636344909668,127.695589701335,182.16926574707,123.439532688686,140.30676977975,155.771082560221,132.675668334961,141.506744384766,104.541942977905,0,145.519388834635,172.269897460938,169.743461608887,162.106018066406
0,0,0,0,0,0,0,0,0,0,0,0,0,0,0,0,0,0,0,0,0,0,0,0,0,0,0,0,0,0,0,0,0,0,0,0,53.8752437994732,163.460479736328,116.816474914551,57.3490188656431,162.32649230957,118.390106201172,0,89.3506495157878,0,150.457794189453,77.857740863677,0,0,0,0,0,0,0,119.890444074358,0,0,142.524737040202,0,0,0,64.2181114741734,0,103.450253350394,0,0,0,0,159.221744537354,0,86.9210139934833,0,0,0,0,114.158187866211,0,198.592575073242,0,113.786506652832,0,0,190.973098754883,0,0,122.212642669678,0,50.8074409866333,0,198.565292358398,73.6687890092532,174.149719238281,0,54.4559936523438,116.476855278015,0,110.171872880724,55.8101515471935,109.0611307621,62.5907820404553
0,0,0,0,0,0,0,0,0,0,0,0,0,0,0,0,0,0,0,0,0,0,0,0,0,0,0,0,0,0,0,0,0,0,0,0,0,36.1790865644624,198.626205444336,158.008508682251,89.971216583252,55.3767975277371,83.5598190307617,171.919441223145,72.3455670674642,82.777229309082,144.20587793986,0,121.983108520508,53.711926317215,110.865238734654,95.7422040303548,115.860575358073,53.0370979309082,69.1368534088135,47.4104014635086,180.048233032227,128.021724700928,117.577162893195,93.3521766662598,115.699174440824,0,108.93335723877,86.7428560256958,0,106.665361022949,84.0534830729167,140.55451965332,132.996738978795,133.307703653971,129.188819885254,145.545532226562,86.4336630503337,107.179042053223,56.2640207522624,140.022836594355,96.4848332722982,117.089561462402,136.837112426758,153.518147059849,100.357963562012,118.880239105225,53.1587965403284,78.368522644043,148.030095418294,0,52.920781996192,0,108.486696624756,119.111798858643,155.840807596842,142.72990828294,41.6533837495027,0,63.4893027544022,47.2559432983398,160.713945770264,198.744110107422,161.562002563477,176.527862548828
0,0,0,0,0,0,0,0,0,0,0,0,0,0,0,0,0,0,0,0,0,0,0,0,0,0,0,0,0,0,0,0,0,0,0,0,0,0,49.1087322916303,162.472297668457,0,0,143.967254638672,98.7282702797338,0,0,0,0,0,0,156.101811726888,110.68684387207,0,124.772903442383,125.124122619629,0,95.9850692749023,161.278793334961,0,0,161.408271789551,52.8978998477642,0,90.4067218861681,0,0,0,0,0,0,125.018524169922,90.4471602720373,130.968134562174,0,0,94.0111024918095,157.018025716146,59.1959564159443,72.1711654663086,0,163.193267822266,157.688959757487,198.513061523438,0,146.018333435059,74.7263424767388,0,0,153.518280029297,0,184.195861816406,198.682907104492,114.020671844482,45.3651612074479,105.311824451793,160.431686401367,0,136.200613839286,60.6819659879131,70.0996719360352
0,0,0,0,0,0,0,0,0,0,0,0,0,0,0,0,0,0,0,0,0,0,0,0,0,0,0,0,0,0,0,0,0,0,0,0,0,0,0,34.8857729919558,188.865692138672,118.917953491211,155.692478179932,99.1163421630859,139.595874786377,184.843994140625,96.4784922213168,0,0,0,160.25997543335,0,0,0,117.405009746552,0,198.67707824707,139.987145196824,0,164.930410766602,172.957534790039,91.745343860827,0,98.9133050338082,0,198.783355712891,121.858306884766,0,137.180759429932,153.957397460938,106.786187934875,131.070430755615,96.1481704711914,0,0,105.937565054212,181.043319702148,103.07649230957,0,102.901067581177,155.483402797154,0,172.246994018555,0,0,141.851959228516,0,84.5105954488119,0,194.652547200521,65.1574623159,136.709390004476,140.531297047933,103.897123336792,108.198851365309,0,55.7816304599538,97.9770978032326,68.5868074026975,61.8953368017607
0,0,0,0,0,0,0,0,0,0,0,0,0,0,0,0,0,0,0,0,0,0,0,0,0,0,0,0,0,0,0,0,0,0,0,0,0,0,0,0,40.6846504824502,121.792411804199,198.6845703125,0,101.785962031438,116.808804829915,127.254175359553,0,83.4811269124349,71.0035265816583,0,0,97.3938493728638,0,134.590503692627,101.666450500488,0,141.257169723511,107.274200439453,90.1303558349609,198.606597900391,0,0,139.531088022085,0,120.816689173381,126.627670288086,0,142.125520706177,150.018734741211,124.93144930326,0,85.4328351338704,0,82.4550236546716,116.863463661887,198.598907470703,189.192047119141,161.49382019043,89.8398026686448,0,124.882286071777,112.569858868917,0,178.512908935547,0,112.936820983887,0,0,67.7480660990665,109.773891292401,97.8103287436745,125.96160736084,0,144.825022379557,198.758316040039,103.30005552962,0,156.319580078125,111.850952148438
0,0,0,0,0,0,0,0,0,0,0,0,0,0,0,0,0,0,0,0,0,0,0,0,0,0,0,0,0,0,0,0,0,0,0,0,0,0,0,0,0,50.5237192392349,123.19945526123,73.7848409811656,0,134.800064086914,124.790986197335,49.7830905353322,0,0,140.572952270508,0,0,64.4637051457944,55.9634342193604,0,83.9126426696777,104.115097045898,0,129.556442260742,131.629425048828,0,72.5316922804889,55.9162792725997,60.6843850029839,174.106079101562,143.59635925293,36.8481706596283,146.300926208496,177.250335693359,115.335319519043,0,0,38.5150004547912,0,141.551818847656,138.641448974609,0,59.7630872397587,0,0,0,79.5903122425079,71.774959564209,198.790802001953,0,0,97.5972480773926,80.0565274556478,0,128.747232755025,127.895704269409,74.6376320521037,0,48.4756238119943,63.2912305196126,0,0,177.08967590332,0
0,0,0,0,0,0,0,0,0,0,0,0,0,0,0,0,0,0,0,0,0,0,0,0,0,0,0,0,0,0,0,0,0,0,0,0,0,0,0,0,0,0,42.5636243208861,162.864270891462,198.759552001953,0,0,0,0,180.935241699219,88.0954537227236,174.609154837472,166.738469441732,38.5943087850298,195.905242919922,173.332534790039,115.107507705688,174.290557861328,130.468179975237,38.4700334433353,110.301721382141,188.102981567383,76.5107054937453,132.208758195241,0,107.06594991684,78.5420483398437,0,0,102.904737854004,198.809387207031,181.676777430943,136.962099075317,101.009254455566,177.191913604736,128.302193491082,86.00573614167,123.700270476165,141.415899796919,124.040659586589,87.9717448004361,98.912712097168,108.763027163914,0,49.5395870416061,167.203002929688,0,0,66.3172284998792,168.424026489258,175.586685180664,132.174755859375,55.7792878945669,0,160.277618408203,56.482311706543,163.665251991966,178.480850219727,150.572021484375,148.579452514648
0,0,0,0,0,0,0,0,0,0,0,0,0,0,0,0,0,0,0,0,0,0,0,0,0,0,0,0,0,0,0,0,0,0,0,0,0,0,0,0,0,0,0,29.1331837008698,152.39973449707,159.875556945801,130.657793680827,82.6848888397217,0,0,189.8544921875,72.5233850479126,0,108.563441848755,143.692413330078,150.019348144531,54.2387626568476,169.333847045898,0,0,149.721930185954,0,122.376600646973,46.254290033095,23.6879662275314,0,171.217254638672,0,0,0,138.164222717285,38.1501313972473,163.984842936198,59.686541557312,0,151.895104544503,159.261028289795,99.1273508938876,35.4031695411319,154.386215209961,0,144.824247741699,181.003753662109,65.9964758555094,0,45.7640695571899,0,126.704002380371,146.852142333984,0,116.861669540405,0,101.877843133334,68.9876893361409,40.7396081807662,114.853471374512,121.788356781006,0,110.717964172363,98.3156483968099
0,0,0,0,0,0,0,0,0,0,0,0,0,0,0,0,0,0,0,0,0,0,0,0,0,0,0,0,0,0,0,0,0,0,0,0,0,0,0,0,0,0,0,0,31.1742480967167,41.9726281506675,54.5578374377752,0,123.826267101147,102.635914039612,0,148.003429412842,129.943343286929,0,103.888549804688,44.3583642548206,0,74.4782298161433,136.005372365316,0,198.659973144531,0,0,128.22491200765,0,0,0,0,0,0,107.593871116638,156.499008178711,0,0,116.687190850576,0,0,0,0,0,0,0,151.943244934082,0,0,0,0,118.626502990723,0,114.977624020334,90.5101547241211,0,180.508682250977,0,133.657974243164,0,129.641522216797,0,0,0
0,0,0,0,0,0,0,0,0,0,0,0,0,0,0,0,0,0,0,0,0,0,0,0,0,0,0,0,0,0,0,0,0,0,0,0,0,0,0,0,0,0,0,0,0,25.027453815937,82.9141426086426,0,127.565901794434,117.122360653347,0,0,130.975850423177,0,0,30.294113332575,0,40.1438196727208,125.698371887207,0,0,0,0,113.036321512858,0,135.736282348633,0,0,0,0,104.042112986247,147.431823730469,171.046890258789,0,118.788267953055,0,0,0,0,0,0,0,165.160423278809,0,0,0,0,96.9319381713867,0,129.904401302338,130.258599853516,0,0,0,163.258117675781,0,175.345336914062,0,0,0
0,0,0,0,0,0,0,0,0,0,0,0,0,0,0,0,0,0,0,0,0,0,0,0,0,0,0,0,0,0,0,0,0,0,0,0,0,0,0,0,0,0,0,0,0,0,34.1084384851053,0,0,83.2469253540039,196.990844726562,141.511417388916,122.710334777832,197.116348266602,114.196160452706,137.069309234619,151.407180786133,110.722631894625,140.479736328125,0,0,118.788798740932,0,100.065267148225,169.31999206543,128.68932887486,0,0,139.328918457031,163.662864685059,76.5027888827854,0,175.130737304688,0,0,98.1459655761719,0,198.414978027344,114.89234161377,102.970062255859,198.493026733398,0,132.665824890137,0,0,0,0,62.725147001205,0,123.814634496515,46.528825413097,162.745526631673,142.106135050456,0,115.971894836426,0,88.3013896942139,133.077729119195,121.013149261475,127.171241215297
0,0,0,0,0,0,0,0,0,0,0,0,0,0,0,0,0,0,0,0,0,0,0,0,0,0,0,0,0,0,0,0,0,0,0,0,0,0,0,0,0,0,0,0,0,0,0,20.26748811045,0,0,0,0,0,98.9965438842773,0,0,52.231052186754,0,0,0,0,0,90.5071411132812,0,35.6661109626293,0,0,31.5790745906341,0,0,0,0,0,62.8642953725962,0,0,0,0,46.5460910797119,0,0,0,0,37.1680635934348,0,0,0,0,117.876457214355,0,0,0,159.490676879883,0,42.0787105560303,106.9111328125,0,0,0,0
0,0,0,0,0,0,0,0,0,0,0,0,0,0,0,0,0,0,0,0,0,0,0,0,0,0,0,0,0,0,0,0,0,0,0,0,0,0,0,0,0,0,0,0,0,0,0,0,32.4073336063287,47.7568791090552,0,0,52.7793035507202,0,0,120.865990066528,0,130.353171212333,77.3095469755285,0,198.724258422852,198.713638305664,0,128.410359700521,0,119.34831237793,139.360916137695,0,0,0,130.575622558594,0,0,0,45.4321425101336,0,0,0,196.075759887695,164.191078186035,0,0,74.1872673034668,0,0,0,0,0,0,47.7460793702499,174.50366973877,152.291839599609,132.807479858398,0,0,0,0,0,0,0
0,0,0,0,0,0,0,0,0,0,0,0,0,0,0,0,0,0,0,0,0,0,0,0,0,0,0,0,0,0,0,0,0,0,0,0,0,0,0,0,0,0,0,0,0,0,0,0,0,46.2463439695674,0,0,95.9945519765218,0,165.352531433105,67.1418044894349,0,137.550827026367,120.142055858265,0,0,0,0,132.079329596625,0,133.579975128174,150.524642944336,0,0,0,146.187805175781,0,168.215026855469,0,52.6483599203604,189.504510498047,0,0,0,128.71834564209,0,0,111.847082519531,0,0,0,0,0,0,62.0387762336321,118.466267267863,0,140.60508219401,0,113.052893638611,0,141.423347473145,0,0,0
0,0,0,0,0,0,0,0,0,0,0,0,0,0,0,0,0,0,0,0,0,0,0,0,0,0,0,0,0,0,0,0,0,0,0,0,0,0,0,0,0,0,0,0,0,0,0,0,0,0,39.2275083134475,168.786251068115,168.329940795898,0,0,0,0,0,149.786845397949,102.49746131897,92.743367767334,0,118.680541992188,119.394000530243,0,125.614592997233,84.9592702865601,0,116.877508980887,62.1676185815641,0,0,111.014921569824,0,179.092391967773,94.2906174659729,47.6538015423399,172.794036865234,0,105.800551278251,73.0083012717111,43.4042936773861,104.880842345101,0,53.2868029117584,0,159.418075561523,0,63.1745654956715,0,198.663950602214,94.3261586702787,110.390055338542,0,171.612335205078,0,142.016777038574,0,145.495422363281,149.432739257812
0,0,0,0,0,0,0,0,0,0,0,0,0,0,0,0,0,0,0,0,0,0,0,0,0,0,0,0,0,0,0,0,0,0,0,0,0,0,0,0,0,0,0,0,0,0,0,0,0,0,0,25.1736910654151,0,0,28.2531077521188,0,84.1327590942383,102.896727032132,0,0,157.094631958008,198.560104370117,0,71.3838450113932,0,0,0,0,0,0,156.40256652832,44.5790061950684,130.923431396484,0,0,153.95285542806,180.153396606445,114.412746565683,51.8196477890015,136.561492919922,0,164.459625244141,153.606632232666,135.630294799805,0,76.1990547180176,0,156.518478393555,0,0,146.040907541911,176.526229858398,138.958320617676,94.2585998535156,34.0992067111166,198.696746826172,121.71858215332,0,136.947352600098,0
0,0,0,0,0,0,0,0,0,0,0,0,0,0,0,0,0,0,0,0,0,0,0,0,0,0,0,0,0,0,0,0,0,0,0,0,0,0,0,0,0,0,0,0,0,0,0,0,0,0,0,0,36.8103847347322,0,144.413681030273,127.114757029215,0,132.397005642162,45.5426345616579,178.259048461914,182.537043253581,0,0,122.416187286377,0,80.3055736223857,147.025657653809,0,110.350936889648,158.044408525739,136.471300125122,0,0,0,90.4217209449181,198.446212768555,136.717498779297,0,0,198.953048706055,132.664031982422,198.492965698242,80.4296443041633,0,125.642204284668,198.45768737793,0,0,0,83.3296207492634,0,171.920984903971,141.716229525479,0,193.202850341797,0,153.393753051758,0,0,0
0,0,0,0,0,0,0,0,0,0,0,0,0,0,0,0,0,0,0,0,0,0,0,0,0,0,0,0,0,0,0,0,0,0,0,0,0,0,0,0,0,0,0,0,0,0,0,0,0,0,0,0,0,29.3499969135631,0,0,106.002372741699,0,0,145.511222839355,58.4516892433167,0,52.0059340159098,116.304684448242,132.990676879883,0,108.740501403809,75.2948532104492,0,122.673568725586,0,0,55.7779426574707,54.2564056396484,0,0,63.5904706319173,104.588932800293,96.1491928100586,0,0,81.9269390106201,0,115.161451339722,82.0797119140625,0,0,0,47.3825732783267,0,0,0,42.8723988638984,0,116.261461257935,43.405659826975,0,0,0,0
0,0,0,0,0,0,0,0,0,0,0,0,0,0,0,0,0,0,0,0,0,0,0,0,0,0,0,0,0,0,0,0,0,0,0,0,0,0,0,0,0,0,0,0,0,0,0,0,0,0,0,0,0,0,23.1687138586333,99.4648513793945,0,49.1606410774025,0,198.743270874023,156.455154418945,134.077447255452,0,85.4743499755859,0,150.294845581055,0,0,0,0,89.0702850341797,180.692268371582,0,0,0,145.994388580322,0,135.157402038574,84.2199630737305,139.614288330078,189.895370483398,0,146.735637664795,123.890487670898,0,83.4584875106812,0,121.725540161133,0,0,122.987143452962,0,0,120.77840423584,33.7125077596525,0,125.904750061035,107.3131980896,127.382482910156,127.716784667969
0,0,0,0,0,0,0,0,0,0,0,0,0,0,0,0,0,0,0,0,0,0,0,0,0,0,0,0,0,0,0,0,0,0,0,0,0,0,0,0,0,0,0,0,0,0,0,0,0,0,0,0,0,0,0,28.0202825045345,0,75.818172454834,132.606121826172,0,0,0,0,112.290519714355,0,147.97297668457,175.955368041992,0,0,0,106.875358581543,0,0,0,95.3051710256794,0,0,0,0,0,0,0,106.825630187988,0,0,0,101.932052612305,136.747695922852,0,119.035334014893,148.360288619995,127.712875366211,0,198.821807861328,130.01188659668,0,161.79906463623,164.265518188477,0,150.612915039062
0,0,0,0,0,0,0,0,0,0,0,0,0,0,0,0,0,0,0,0,0,0,0,0,0,0,0,0,0,0,0,0,0,0,0,0,0,0,0,0,0,0,0,0,0,0,0,0,0,0,0,0,0,0,0,0,21.0405853254753,0,0,0,110.833450317383,0,99.9766337076823,130.817999521891,40.3759649848938,0,0,58.1247545878092,198.518127441406,0,0,58.7316578456334,0,109.405101776123,0,0,90.0289840698242,53.9845180511475,31.7358737564087,0,0,84.1765594482422,189.247970581055,52.4809740506686,0,0,0,0,0,0,0,0,106.54586537679,0,81.0282241276332,76.5086457388742,0,0,0,0
0,0,0,0,0,0,0,0,0,0,0,0,0,0,0,0,0,0,0,0,0,0,0,0,0,0,0,0,0,0,0,0,0,0,0,0,0,0,0,0,0,0,0,0,0,0,0,0,0,0,0,0,0,0,0,0,0,34.0518835570461,127.910711015974,192.043594360352,0,131.620742797852,0,103.967124384693,0,0,0,0,0,0,77.7933193694713,153.115442911784,163.445874532064,0,125.069881693522,182.05012512207,0,198.7080078125,116.899696350098,173.796895345052,198.657958984375,0,148.350677490234,0,0,0,115.952178955078,148.923851860894,0,129.643380355835,138.135315365262,0,0,146.624786376953,133.36107162193,0,163.933725992839,134.898540920681,170.179359436035,145.135943326083
0,0,0,0,0,0,0,0,0,0,0,0,0,0,0,0,0,0,0,0,0,0,0,0,0,0,0,0,0,0,0,0,0,0,0,0,0,0,0,0,0,0,0,0,0,0,0,0,0,0,0,0,0,0,0,0,0,0,41.4014342674842,79.8421427408854,192.14900970459,0,0,107.015092600947,0,44.8047148747878,90.7486980144794,0,81.8039487202962,119.612447738647,145.883644104004,0,97.4254951477051,0,101.505939483643,171.696899414062,160.219711303711,0,0,198.645874023438,99.160428237915,169.256958007812,67.4245636442066,0,137.505020141602,0,36.7123064561324,0,136.234596252441,100.412016677856,171.120164871216,125.0299949646,138.747128486633,0,198.987091064453,142.54866027832,186.143981933594,0,0,0
0,0,0,0,0,0,0,0,0,0,0,0,0,0,0,0,0,0,0,0,0,0,0,0,0,0,0,0,0,0,0,0,0,0,0,0,0,0,0,0,0,0,0,0,0,0,0,0,0,0,0,0,0,0,0,0,0,0,0,27.4396451095055,0,0,0,141.231685093471,0,35.962517108236,51.2527607404269,0,74.7973213195801,106.697644042969,0,0,128.718872070312,192.234802246094,175.007911682129,130.935001720082,136.228939056396,0,0,135.894839695522,55.8663188973252,0,63.0808318370097,0,50.7259272298505,0,42.0455875396729,0,58.4549713134766,171.242469787598,165.807907104492,113.150727272034,75.241081237793,0,0,0,157.137584686279,0,0,0
0,0,0,0,0,0,0,0,0,0,0,0,0,0,0,0,0,0,0,0,0,0,0,0,0,0,0,0,0,0,0,0,0,0,0,0,0,0,0,0,0,0,0,0,0,0,0,0,0,0,0,0,0,0,0,0,0,0,0,0,42.6688874348873,161.412109375,63.3601404825846,108.604311261858,0,198.659118652344,198.531753540039,0,0,119.907869165594,0,168.091995239258,56.7228654285647,0,0,89.8076955059118,77.9380438757725,81.7548647689819,92.2816896438599,66.7977061271667,98.0623016357422,52.4851789795951,147.303121566772,0,93.9168116251628,198.702163696289,0,0,104.885813031878,198.662643432617,161.337524414062,158.595468521118,79.5932329633962,140.232988993327,154.15667851766,50.0877633690834,173.842926025391,148.935428619385,160.085906219482,176.747680664062
0,0,0,0,0,0,0,0,0,0,0,0,0,0,0,0,0,0,0,0,0,0,0,0,0,0,0,0,0,0,0,0,0,0,0,0,0,0,0,0,0,0,0,0,0,0,0,0,0,0,0,0,0,0,0,0,0,0,0,0,0,48.2863997911152,0,136.801750183105,0,0,0,0,0,0,122.757262759738,75.9720924377441,87.0676651000977,0,0,106.201631025835,0,0,159.349319458008,162.784465789795,0,0,0,0,0,61.5920966653263,0,105.487655639648,0,0,127.358508586884,0,0,46.1782381534576,111.24201965332,0,109.914158121745,58.9131810114934,69.8485678939132,58.4823584290325
0,0,0,0,0,0,0,0,0,0,0,0,0,0,0,0,0,0,0,0,0,0,0,0,0,0,0,0,0,0,0,0,0,0,0,0,0,0,0,0,0,0,0,0,0,0,0,0,0,0,0,0,0,0,0,0,0,0,0,0,0,0,25.3336591014156,149.481536865234,91.1061019897461,0,0,77.4791088104248,0,0,0,0,0,35.7195408874088,0,121.751350402832,41.7612660147927,62.4139404296875,123.481928507487,0,0,43.8207495429299,130.747039794922,97.6412864685059,0,0,0,0,31.4695930480957,0,183.267822265625,0,83.9388716220856,0,121.770172119141,25.4188280446189,0,0,0,0
0,0,0,0,0,0,0,0,0,0,0,0,0,0,0,0,0,0,0,0,0,0,0,0,0,0,0,0,0,0,0,0,0,0,0,0,0,0,0,0,0,0,0,0,0,0,0,0,0,0,0,0,0,0,0,0,0,0,0,0,0,0,0,43.9582961375319,91.2937927246094,148.563968658447,142.403856913249,90.6469268798828,147.700647989909,156.32120513916,106.006907871791,106.090537752424,67.2341802914937,64.3763501644135,109.616725376674,110.291585766539,122.247780693902,79.4032151084276,33.9680386431077,115.035349199849,110.105107625326,132.130799974714,73.3110861942686,66.3935117721558,103.853500366211,119.42138671875,0,104.413352489471,168.61116027832,124.514281488234,101.030605740017,127.736619037131,75.9252025286357,98.4873914718628,48.14422789364,69.9536319308811,108.77402671814,78.976918901716,93.8432513269885,116.387211139386
0,0,0,0,0,0,0,0,0,0,0,0,0,0,0,0,0,0,0,0,0,0,0,0,0,0,0,0,0,0,0,0,0,0,0,0,0,0,0,0,0,0,0,0,0,0,0,0,0,0,0,0,0,0,0,0,0,0,0,0,0,0,0,0,28.8942603683472,0,0,58.1035876640907,0,0,0,98.1278839111328,0,65.7686298370361,0,0,0,0,30.8801851272583,0,0,0,0,51.6337531877601,0,0,0,0,95.9843673706055,0,0,0,128.931224060059,0,82.3294970194499,100.645426432292,0,0,0,0
0,0,0,0,0,0,0,0,0,0,0,0,0,0,0,0,0,0,0,0,0,0,0,0,0,0,0,0,0,0,0,0,0,0,0,0,0,0,0,0,0,0,0,0,0,0,0,0,0,0,0,0,0,0,0,0,0,0,0,0,0,0,0,0,0,30.5582769850026,47.0899933235986,0,87.1575666891562,128.507338932582,137.354415893555,0,102.058944702148,0,122.686088562012,138.718577384949,121.781005859375,0,0,144.528945922852,69.5465565490723,99.9957962036133,50.863062109266,0,85.3018812699751,0,30.7634759382768,186.035507202148,131.169456481934,104.419592963325,138.380242919922,107.224558622941,136.023693084717,0,192.059371948242,191.061889648438,165.314987182617,0,0,0
0,0,0,0,0,0,0,0,0,0,0,0,0,0,0,0,0,0,0,0,0,0,0,0,0,0,0,0,0,0,0,0,0,0,0,0,0,0,0,0,0,0,0,0,0,0,0,0,0,0,0,0,0,0,0,0,0,0,0,0,0,0,0,0,0,0,41.6456680196397,0,78.4644459210909,104.096321953668,169.419067382812,0,73.2481460571289,0,93.1732406616211,113.079847717285,127.713330586751,0,0,98.4640941619873,46.801831514063,111.369564056396,42.0133734437608,0,72.5529617809114,0,102.028299967448,0,82.1694984436035,129.70583190918,137.353185017904,91.6138421630859,105.023985726493,0,163.495300292969,127.566337585449,128.559642367893,0,0,0
0,0,0,0,0,0,0,0,0,0,0,0,0,0,0,0,0,0,0,0,0,0,0,0,0,0,0,0,0,0,0,0,0,0,0,0,0,0,0,0,0,0,0,0,0,0,0,0,0,0,0,0,0,0,0,0,0,0,0,0,0,0,0,0,0,0,0,17.0732278463975,0,0,0,0,0,35.8683143854141,0,0,0,0,57.4991512298584,0,0,0,0,48.3593892889508,0,0,0,0,134.728149414062,0,165.699882507324,0,105.97575378418,0,129.749237060547,110.897178649902,0,0,198.773300170898,0
0,0,0,0,0,0,0,0,0,0,0,0,0,0,0,0,0,0,0,0,0,0,0,0,0,0,0,0,0,0,0,0,0,0,0,0,0,0,0,0,0,0,0,0,0,0,0,0,0,0,0,0,0,0,0,0,0,0,0,0,0,0,0,0,0,0,0,0,44.3850805117115,74.4777993429275,151.483978271484,0,0,198.886566162109,144.574508666992,92.0530766078404,0,0,164.309875488281,133.981220245361,68.509138243539,0,80.6793156433105,189.189468383789,75.3081436157227,0,0,117.30392074585,108.896667480469,121.271308898926,157.26064130995,62.0463162563634,125.891593933105,0,0,0,133.588571548462,198.622207641602,0,0
0,0,0,0,0,0,0,0,0,0,0,0,0,0,0,0,0,0,0,0,0,0,0,0,0,0,0,0,0,0,0,0,0,0,0,0,0,0,0,0,0,0,0,0,0,0,0,0,0,0,0,0,0,0,0,0,0,0,0,0,0,0,0,0,0,0,0,0,0,47.7152144648812,0,154.407897949219,89.6253471374512,0,198.616165161133,77.6133009022118,115.723064422607,184.473101806641,0,121.179859924316,65.1212265847743,75.2330596923828,110.67604025479,0,85.0408601199879,0,0,0,125.648323059082,158.156219482422,164.255166625977,59.6255322414896,88.0993448893229,0,0,0,120.037357330322,148.395915985107,0,153.13117980957
0,0,0,0,0,0,0,0,0,0,0,0,0,0,0,0,0,0,0,0,0,0,0,0,0,0,0,0,0,0,0,0,0,0,0,0,0,0,0,0,0,0,0,0,0,0,0,0,0,0,0,0,0,0,0,0,0,0,0,0,0,0,0,0,0,0,0,0,0,0,51.1819068459189,181.127563476562,165.736587524414,0,149.462600708008,174.454119364421,0,0,174.302444458008,159.791839599609,0,0,131.182386398315,0,0,135.633487701416,0,57.3830768905,0,120.705162497128,96.2015911925073,172.261734008789,187.892631530762,113.458375549316,134.822166442871,0,147.489519119263,128.994576263428,138.189567565918,121.496456037249
0,0,0,0,0,0,0,0,0,0,0,0,0,0,0,0,0,0,0,0,0,0,0,0,0,0,0,0,0,0,0,0,0,0,0,0,0,0,0,0,0,0,0,0,0,0,0,0,0,0,0,0,0,0,0,0,0,0,0,0,0,0,0,0,0,0,0,0,0,0,0,30.1727028243039,103.667788187663,0,0,133.749795136628,0,100.971368349515,51.5156008402506,110.330696105957,0,0,0,0,0,47.3707773438815,0,0,0,0,0,161.322006225586,147.128211975098,66.2462652090824,110.974334716797,0,144.580413818359,91.7899714018169,110.945794146994,99.0066528320312
0,0,0,0,0,0,0,0,0,0,0,0,0,0,0,0,0,0,0,0,0,0,0,0,0,0,0,0,0,0,0,0,0,0,0,0,0,0,0,0,0,0,0,0,0,0,0,0,0,0,0,0,0,0,0,0,0,0,0,0,0,0,0,0,0,0,0,0,0,0,0,0,36.3762278144742,0,0,90.7801080322266,110.550776163737,101.066194988432,40.6435737609863,62.8837393699808,163.824829101562,98.6301300048828,108.186604499817,0,119.168980916341,139.131614685059,0,0,95.1582946777344,0,143.88595199585,135.525939941406,52.4274427750531,110.541269938151,76.8009231567383,57.7399651209513,113.863998651505,107.250823974609,117.584114074707,181.211227416992
0,0,0,0,0,0,0,0,0,0,0,0,0,0,0,0,0,0,0,0,0,0,0,0,0,0,0,0,0,0,0,0,0,0,0,0,0,0,0,0,0,0,0,0,0,0,0,0,0,0,0,0,0,0,0,0,0,0,0,0,0,0,0,0,0,0,0,0,0,0,0,0,0,27.6620553579086,0,0,0,188.037033081055,42.0945010185242,0,0,0,107.923872811454,42.9454045628392,0,0,0,0,105.488555908203,0,170.734046936035,0,74.6449975967407,0,109.906330108643,124.514493942261,0,0,0,0
0,0,0,0,0,0,0,0,0,0,0,0,0,0,0,0,0,0,0,0,0,0,0,0,0,0,0,0,0,0,0,0,0,0,0,0,0,0,0,0,0,0,0,0,0,0,0,0,0,0,0,0,0,0,0,0,0,0,0,0,0,0,0,0,0,0,0,0,0,0,0,0,0,0,39.9905032236642,0,188.20133972168,0,0,163.798263549805,0,187.190124511719,90.0852711017315,0,0,0,0,0,0,80.4379854202271,123.60188293457,0,132.628645324707,0,114.638734817505,0,159.32487487793,0,0,0
0,0,0,0,0,0,0,0,0,0,0,0,0,0,0,0,0,0,0,0,0,0,0,0,0,0,0,0,0,0,0,0,0,0,0,0,0,0,0,0,0,0,0,0,0,0,0,0,0,0,0,0,0,0,0,0,0,0,0,0,0,0,0,0,0,0,0,0,0,0,0,0,0,0,0,62.1166815140668,108.653588867187,113.809565952846,0,72.2558793519673,103.168761721524,110.64072672526,144.267111344771,198.703216552734,106.690559114729,115.475803920201,0,0,113.657211303711,147.844060262044,124.307838353244,59.9888463846842,109.816048477635,108.883182707287,134.67443561554,97.9240798950195,83.1364058069436,112.349213494195,64.6245267314296,98.0723678588867
0,0,0,0,0,0,0,0,0,0,0,0,0,0,0,0,0,0,0,0,0,0,0,0,0,0,0,0,0,0,0,0,0,0,0,0,0,0,0,0,0,0,0,0,0,0,0,0,0,0,0,0,0,0,0,0,0,0,0,0,0,0,0,0,0,0,0,0,0,0,0,0,0,0,0,0,36.0428564665747,133.872714996338,138.524047851562,141.420135498047,126.618047078451,41.9489073565132,127.279991149902,0,91.5442733764648,0,126.772059122721,0,40.9814320416518,198.625900268555,181.987060546875,141.055698394775,85.5887084688459,0,157.480567932129,59.9099721908569,198.727630615234,0,175.643646240234,0
0,0,0,0,0,0,0,0,0,0,0,0,0,0,0,0,0,0,0,0,0,0,0,0,0,0,0,0,0,0,0,0,0,0,0,0,0,0,0,0,0,0,0,0,0,0,0,0,0,0,0,0,0,0,0,0,0,0,0,0,0,0,0,0,0,0,0,0,0,0,0,0,0,0,0,0,0,41.3190967161878,66.172671424018,124.623883565267,0,84.4363987332299,183.645085652669,0,69.3981399536133,84.9010257720947,0,0,88.5710639953613,183.182594299316,0,169.071151733398,127.082872473675,73.7339263916016,124.77441434507,90.5929689407349,0,134.58317565918,78.6112185085521,165.182571411133
0,0,0,0,0,0,0,0,0,0,0,0,0,0,0,0,0,0,0,0,0,0,0,0,0,0,0,0,0,0,0,0,0,0,0,0,0,0,0,0,0,0,0,0,0,0,0,0,0,0,0,0,0,0,0,0,0,0,0,0,0,0,0,0,0,0,0,0,0,0,0,0,0,0,0,0,0,0,22.3400232268543,0,0,110.890190124512,140.572265625,73.0591186523438,0,0,0,0,122.72505569458,146.914794921875,149.468933105469,198.624588012695,86.0673609646884,0,52.0364539999711,98.9215281559871,0,0,0,0
0,0,0,0,0,0,0,0,0,0,0,0,0,0,0,0,0,0,0,0,0,0,0,0,0,0,0,0,0,0,0,0,0,0,0,0,0,0,0,0,0,0,0,0,0,0,0,0,0,0,0,0,0,0,0,0,0,0,0,0,0,0,0,0,0,0,0,0,0,0,0,0,0,0,0,0,0,0,0,56.5419811029903,107.416706630162,140.127835591634,138.555035909017,0,122.738498687744,198.531387329102,167.155792236328,0,113.890899658203,158.992314656576,139.645466940744,95.2591722011566,128.906113942464,101.818954467773,142.953542073568,0,79.8513904001521,120.629548506303,113.14349086468,129.548747698466
0,0,0,0,0,0,0,0,0,0,0,0,0,0,0,0,0,0,0,0,0,0,0,0,0,0,0,0,0,0,0,0,0,0,0,0,0,0,0,0,0,0,0,0,0,0,0,0,0,0,0,0,0,0,0,0,0,0,0,0,0,0,0,0,0,0,0,0,0,0,0,0,0,0,0,0,0,0,0,0,41.5816880130768,0,71.4459554188287,169.173904418945,61.6758527148854,0,87.7524421691895,0,113.335881551107,127.765815734863,151.917094639369,91.2621609918002,141.022441864014,0,165.314971923828,0,147.047207423619,189.015106201172,0,0
0,0,0,0,0,0,0,0,0,0,0,0,0,0,0,0,0,0,0,0,0,0,0,0,0,0,0,0,0,0,0,0,0,0,0,0,0,0,0,0,0,0,0,0,0,0,0,0,0,0,0,0,0,0,0,0,0,0,0,0,0,0,0,0,0,0,0,0,0,0,0,0,0,0,0,0,0,0,0,0,0,27.8730561662428,124.211128234863,0,60.6474504470825,0,0,0,63.5131641187166,184.28173828125,195.936813354492,95.0565338134766,80.9657696617974,0,162.263164520264,69.3754054478237,155.961761474609,0,157.819679260254,0
0,0,0,0,0,0,0,0,0,0,0,0,0,0,0,0,0,0,0,0,0,0,0,0,0,0,0,0,0,0,0,0,0,0,0,0,0,0,0,0,0,0,0,0,0,0,0,0,0,0,0,0,0,0,0,0,0,0,0,0,0,0,0,0,0,0,0,0,0,0,0,0,0,0,0,0,0,0,0,0,0,0,43.061427519355,0,94.2900942360483,0,45.7223539924622,0,113.970932515462,93.3407821655273,127.037707328796,98.1185317145454,93.6452080221737,0,99.013308207194,0,154.606116158622,174.069671630859,160.337677001953,198.629821777344
0,0,0,0,0,0,0,0,0,0,0,0,0,0,0,0,0,0,0,0,0,0,0,0,0,0,0,0,0,0,0,0,0,0,0,0,0,0,0,0,0,0,0,0,0,0,0,0,0,0,0,0,0,0,0,0,0,0,0,0,0,0,0,0,0,0,0,0,0,0,0,0,0,0,0,0,0,0,0,0,0,0,0,28.6675143144569,0,0,0,0,84.1945083618164,198.839462280273,169.309051513672,0,92.1679431370327,0,85.6895170211792,62.8247566223145,192.97998046875,0,0,0
0,0,0,0,0,0,0,0,0,0,0,0,0,0,0,0,0,0,0,0,0,0,0,0,0,0,0,0,0,0,0,0,0,0,0,0,0,0,0,0,0,0,0,0,0,0,0,0,0,0,0,0,0,0,0,0,0,0,0,0,0,0,0,0,0,0,0,0,0,0,0,0,0,0,0,0,0,0,0,0,0,0,0,0,39.1975663605557,0,0,0,50.1511453901018,0,160.597484588623,93.9006671905518,103.89998626709,0,0,80.1669998168945,166.842582702637,0,154.451873779297,0
0,0,0,0,0,0,0,0,0,0,0,0,0,0,0,0,0,0,0,0,0,0,0,0,0,0,0,0,0,0,0,0,0,0,0,0,0,0,0,0,0,0,0,0,0,0,0,0,0,0,0,0,0,0,0,0,0,0,0,0,0,0,0,0,0,0,0,0,0,0,0,0,0,0,0,0,0,0,0,0,0,0,0,0,0,40.9937852991038,0,0,0,0,0,160.345855712891,198.808563232422,43.0026306038472,81.1506271362305,0,125.916591644287,61.2974470566059,86.6224282004616,110.607291221619
0,0,0,0,0,0,0,0,0,0,0,0,0,0,0,0,0,0,0,0,0,0,0,0,0,0,0,0,0,0,0,0,0,0,0,0,0,0,0,0,0,0,0,0,0,0,0,0,0,0,0,0,0,0,0,0,0,0,0,0,0,0,0,0,0,0,0,0,0,0,0,0,0,0,0,0,0,0,0,0,0,0,0,0,0,0,19.7254688441753,0,0,0,149.427474975586,167.800989786784,75.0076891581217,0,0,0,0,0,0,0
0,0,0,0,0,0,0,0,0,0,0,0,0,0,0,0,0,0,0,0,0,0,0,0,0,0,0,0,0,0,0,0,0,0,0,0,0,0,0,0,0,0,0,0,0,0,0,0,0,0,0,0,0,0,0,0,0,0,0,0,0,0,0,0,0,0,0,0,0,0,0,0,0,0,0,0,0,0,0,0,0,0,0,0,0,0,0,49.1646358773515,0,0,67.4058156362394,198.673233032227,0,0,118.644779750279,0,154.548243713379,130.694091796875,105.885688781738,114.468747456868
0,0,0,0,0,0,0,0,0,0,0,0,0,0,0,0,0,0,0,0,0,0,0,0,0,0,0,0,0,0,0,0,0,0,0,0,0,0,0,0,0,0,0,0,0,0,0,0,0,0,0,0,0,0,0,0,0,0,0,0,0,0,0,0,0,0,0,0,0,0,0,0,0,0,0,0,0,0,0,0,0,0,0,0,0,0,0,0,28.7105903317851,164.362037658691,0,154.426086425781,78.273345375061,0,152.6220703125,33.908093892611,187.091934204102,0,0,0
0,0,0,0,0,0,0,0,0,0,0,0,0,0,0,0,0,0,0,0,0,0,0,0,0,0,0,0,0,0,0,0,0,0,0,0,0,0,0,0,0,0,0,0,0,0,0,0,0,0,0,0,0,0,0,0,0,0,0,0,0,0,0,0,0,0,0,0,0,0,0,0,0,0,0,0,0,0,0,0,0,0,0,0,0,0,0,0,0,35.1025776441118,112.988876342773,158.300075531006,132.2778802169,0,183.977978515625,0,157.072574615479,0,0,0
0,0,0,0,0,0,0,0,0,0,0,0,0,0,0,0,0,0,0,0,0,0,0,0,0,0,0,0,0,0,0,0,0,0,0,0,0,0,0,0,0,0,0,0,0,0,0,0,0,0,0,0,0,0,0,0,0,0,0,0,0,0,0,0,0,0,0,0,0,0,0,0,0,0,0,0,0,0,0,0,0,0,0,0,0,0,0,0,0,0,39.6344827181333,154.132063058706,142.559796142578,125.8232421875,114.20961671717,185.982963562012,82.3657871623372,133.602444648743,120.790305137634,87.4895316708472
0,0,0,0,0,0,0,0,0,0,0,0,0,0,0,0,0,0,0,0,0,0,0,0,0,0,0,0,0,0,0,0,0,0,0,0,0,0,0,0,0,0,0,0,0,0,0,0,0,0,0,0,0,0,0,0,0,0,0,0,0,0,0,0,0,0,0,0,0,0,0,0,0,0,0,0,0,0,0,0,0,0,0,0,0,0,0,0,0,0,0,42.4266022056933,113.521325763903,0,146.482060750326,0,121.391957104206,172.236549377441,0,145.37353515625
0,0,0,0,0,0,0,0,0,0,0,0,0,0,0,0,0,0,0,0,0,0,0,0,0,0,0,0,0,0,0,0,0,0,0,0,0,0,0,0,0,0,0,0,0,0,0,0,0,0,0,0,0,0,0,0,0,0,0,0,0,0,0,0,0,0,0,0,0,0,0,0,0,0,0,0,0,0,0,0,0,0,0,0,0,0,0,0,0,0,0,0,33.5086522733464,0,97.6835374832153,46.3346513311068,137.740261077881,136.511993408203,0,116.198885599772
0,0,0,0,0,0,0,0,0,0,0,0,0,0,0,0,0,0,0,0,0,0,0,0,0,0,0,0,0,0,0,0,0,0,0,0,0,0,0,0,0,0,0,0,0,0,0,0,0,0,0,0,0,0,0,0,0,0,0,0,0,0,0,0,0,0,0,0,0,0,0,0,0,0,0,0,0,0,0,0,0,0,0,0,0,0,0,0,0,0,0,0,0,37.1023711319808,117.832836151123,0,125.668491363525,43.5438908241891,70.1264300942421,75.7373550588434
0,0,0,0,0,0,0,0,0,0,0,0,0,0,0,0,0,0,0,0,0,0,0,0,0,0,0,0,0,0,0,0,0,0,0,0,0,0,0,0,0,0,0,0,0,0,0,0,0,0,0,0,0,0,0,0,0,0,0,0,0,0,0,0,0,0,0,0,0,0,0,0,0,0,0,0,0,0,0,0,0,0,0,0,0,0,0,0,0,0,0,0,0,0,19.7318881750107,112.123983383179,126.394117018756,133.924560546875,109.120540394503,122.744432067871
0,0,0,0,0,0,0,0,0,0,0,0,0,0,0,0,0,0,0,0,0,0,0,0,0,0,0,0,0,0,0,0,0,0,0,0,0,0,0,0,0,0,0,0,0,0,0,0,0,0,0,0,0,0,0,0,0,0,0,0,0,0,0,0,0,0,0,0,0,0,0,0,0,0,0,0,0,0,0,0,0,0,0,0,0,0,0,0,0,0,0,0,0,0,0,27.1934089660645,173.238830566406,0,0,0
0,0,0,0,0,0,0,0,0,0,0,0,0,0,0,0,0,0,0,0,0,0,0,0,0,0,0,0,0,0,0,0,0,0,0,0,0,0,0,0,0,0,0,0,0,0,0,0,0,0,0,0,0,0,0,0,0,0,0,0,0,0,0,0,0,0,0,0,0,0,0,0,0,0,0,0,0,0,0,0,0,0,0,0,0,0,0,0,0,0,0,0,0,0,0,0,62.4918984956639,110.5118375836,51.9228131241269,75.3670932224819
0,0,0,0,0,0,0,0,0,0,0,0,0,0,0,0,0,0,0,0,0,0,0,0,0,0,0,0,0,0,0,0,0,0,0,0,0,0,0,0,0,0,0,0,0,0,0,0,0,0,0,0,0,0,0,0,0,0,0,0,0,0,0,0,0,0,0,0,0,0,0,0,0,0,0,0,0,0,0,0,0,0,0,0,0,0,0,0,0,0,0,0,0,0,0,0,0,36.2620908297025,97.4459594308513,73.3298831853
0,0,0,0,0,0,0,0,0,0,0,0,0,0,0,0,0,0,0,0,0,0,0,0,0,0,0,0,0,0,0,0,0,0,0,0,0,0,0,0,0,0,0,0,0,0,0,0,0,0,0,0,0,0,0,0,0,0,0,0,0,0,0,0,0,0,0,0,0,0,0,0,0,0,0,0,0,0,0,0,0,0,0,0,0,0,0,0,0,0,0,0,0,0,0,0,0,0,48.6349182310558,70.657155108096
0,0,0,0,0,0,0,0,0,0,0,0,0,0,0,0,0,0,0,0,0,0,0,0,0,0,0,0,0,0,0,0,0,0,0,0,0,0,0,0,0,0,0,0,0,0,0,0,0,0,0,0,0,0,0,0,0,0,0,0,0,0,0,0,0,0,0,0,0,0,0,0,0,0,0,0,0,0,0,0,0,0,0,0,0,0,0,0,0,0,0,0,0,0,0,0,0,0,0,54.8872388498283
