242,12,0,1,1,1,0,0,0,1,2,4,0,83,0,0,8,2,0,0,9,1,1,0,1,0,6,0,1,10,0,2,1,9,33,4,4,2,2,9,8,0,0,0,56,71,114,1,6,13,0,2,16,0,2,0,0,71,5,0,0,3,0,12,0,8,0,0,2,0,107,0,0,0,0,1,0,0,0,0,2,0,10,0,0,0,0,21,0,32,26,1,1,0,5,0,1,0,5,2
0,92,0,34,2,16,0,0,11,3,1,58,0,7,2,0,59,116,3,1,11,13,23,3,0,1,6,9,5,4,1,7,3,3,2,101,22,19,3,46,7,9,0,3,2,9,24,1,0,1,1,46,3,0,74,10,1,176,1,0,0,12,0,70,0,2,0,2,0,0,47,17,1,1,3,9,1,3,4,5,1,1,4,1,0,13,0,6,0,6,69,2,0,13,18,0,11,29,9,27
0,0,84,0,0,0,0,1,17,0,0,0,1,0,0,1,0,0,26,46,0,0,0,0,0,5,0,72,0,0,2,1,4,0,0,1,0,0,73,1,0,0,1,36,0,0,0,0,0,0,0,13,0,1,0,0,18,0,0,0,5,0,0,12,0,0,0,0,0,0,0,15,1,0,0,9,0,73,11,0,0,0,0,1,0,0,0,0,0,0,1,0,0,10,4,0,0,1,10,0
0,0,0,61,1,2,0,0,1,1,29,12,0,5,1,1,36,20,0,1,70,100,3,0,7,0,10,1,19,25,3,5,0,63,1,2,13,6,0,26,38,7,1,2,1,1,19,0,1,1,0,2,0,0,3,2,1,12,1,1,0,2,0,39,1,6,1,1,19,4,21,0,2,0,0,19,0,0,2,14,4,0,15,0,0,1,0,14,0,5,120,21,1,0,13,0,73,2,4,2
0,0,0,0,71,0,0,0,0,13,5,31,2,0,49,1,0,0,0,0,8,14,0,1,2,0,1,1,2,3,1,4,1,0,0,25,0,69,0,0,3,1,1,0,1,1,1,0,2,2,1,0,12,0,0,11,0,2,32,4,2,0,0,8,0,22,19,0,3,1,0,0,0,1,7,1,1,0,0,0,9,3,114,0,0,0,38,0,1,1,1,5,11,0,0,0,2,0,1,0
0,0,0,0,0,154,0,2,94,0,0,1,1,0,0,1,28,124,0,1,0,4,167,0,2,3,1,6,7,0,7,3,0,3,0,6,7,5,14,27,0,0,4,0,0,1,4,0,0,0,0,4,0,0,22,0,0,6,0,1,3,5,0,11,0,0,0,0,0,2,1,47,7,0,0,35,1,3,0,12,1,0,1,0,4,100,0,0,0,0,10,1,2,18,3,0,15,49,23,10
0,0,0,0,0,0,50,59,1,3,1,17,1,0,1,4,0,0,13,17,1,6,0,119,0,1,0,0,0,0,0,20,28,0,0,1,0,4,0,0,1,61,12,16,0,0,0,6,1,0,0,0,0,52,0,0,22,2,1,0,2,0,65,5,13,0,0,4,0,0,1,0,0,7,1,0,8,1,19,0,0,16,2,8,0,0,0,0,17,1,0,0,48,0,7,38,0,0,0,0
0,0,0,0,0,0,0,69,21,15,0,6,7,0,0,44,0,0,16,60,1,1,0,8,0,35,0,2,0,1,13,39,74,0,0,1,0,9,3,0,0,20,75,55,0,0,0,1,0,0,1,6,0,114,0,0,20,0,0,0,51,0,33,27,4,0,0,1,0,0,0,0,14,2,0,2,21,43,36,2,2,21,1,3,0,0,0,0,26,0,0,1,64,0,7,134,0,0,0,0
0,0,0,0,0,0,0,0,30,1,1,6,3,0,0,3,11,44,15,27,0,0,26,0,0,14,0,43,2,0,5,1,20,1,0,4,1,2,21,2,0,0,5,16,0,1,2,0,0,1,2,52,0,1,42,0,2,5,0,0,7,3,0,21,0,0,0,0,2,1,1,74,2,0,1,18,4,22,4,8,0,1,0,0,0,42,0,0,1,0,0,1,0,12,11,4,5,6,11,5
0,0,0,0,0,0,0,0,0,29,2,21,8,1,4,6,0,1,0,6,5,8,2,4,1,4,1,0,2,4,3,3,1,0,2,1,0,67,0,1,2,5,16,3,0,0,0,0,3,1,7,1,2,5,0,0,1,0,1,3,15,0,3,17,0,3,6,0,1,3,0,1,1,1,3,8,25,11,1,3,6,19,15,0,2,1,15,0,13,5,2,3,35,0,1,4,7,0,1,1
0,0,0,0,0,0,0,0,0,0,123,16,2,3,8,0,1,2,0,0,134,66,0,1,47,0,3,0,3,130,0,6,0,17,9,2,4,14,0,3,9,13,0,0,1,1,16,0,1,1,2,2,3,1,0,0,0,2,8,3,0,0,0,15,0,24,10,0,94,18,11,0,1,1,1,7,0,1,1,2,6,0,39,0,1,0,0,0,1,1,29,53,14,0,0,0,5,0,0,0
0,0,0,0,0,0,0,0,0,0,0,77,13,9,20,2,5,23,3,0,20,48,5,9,8,0,10,0,7,13,3,29,9,8,6,83,3,115,10,13,10,22,14,9,4,5,9,0,1,12,6,34,4,8,24,22,7,28,10,5,7,2,6,109,5,5,6,1,9,4,8,0,7,9,49,11,5,3,9,4,7,2,66,9,3,2,3,3,3,9,30,13,39,2,46,6,16,0,4,1
0,0,0,0,0,0,0,0,0,0,0,0,201,0,1,13,0,1,0,4,7,10,1,0,6,20,1,0,8,1,25,53,0,4,2,0,0,15,9,3,0,0,16,7,0,0,0,0,0,0,59,7,0,2,1,0,0,0,3,0,132,0,1,51,0,2,1,0,2,108,0,0,20,0,0,193,101,39,0,19,16,91,8,0,17,2,1,0,19,3,1,12,21,0,7,7,5,1,6,0
0,0,0,0,0,0,0,0,0,0,0,0,0,189,3,0,3,2,0,0,36,2,0,0,4,0,65,0,7,22,0,1,0,15,51,8,1,4,1,2,42,1,1,0,249,42,90,0,13,52,0,1,17,0,0,18,0,22,14,0,0,0,0,20,0,9,1,0,1,0,39,0,0,0,15,1,0,1,0,2,0,0,4,0,0,0,0,1,0,66,41,1,2,0,2,0,10,0,0,1
0,0,0,0,0,0,0,0,0,0,0,0,0,0,161,2,0,0,0,1,6,10,0,0,2,0,9,0,1,3,0,0,0,3,14,82,0,22,0,0,10,0,8,0,24,24,1,0,133,29,2,0,106,1,0,83,0,7,41,1,3,0,0,25,0,8,6,0,1,0,0,0,2,1,87,2,3,0,0,3,0,2,51,0,0,0,2,0,0,22,1,6,20,0,0,0,2,0,0,0
0,0,0,0,0,0,0,0,0,0,0,0,0,0,0,55,0,0,5,26,4,0,1,2,8,5,0,0,3,2,6,3,11,1,0,0,0,11,0,0,0,1,132,3,0,0,0,0,0,0,84,2,1,22,1,0,2,0,7,5,15,0,14,11,2,7,36,0,0,11,0,1,2,1,0,24,65,6,5,2,30,23,37,1,52,0,0,0,90,0,0,4,18,0,3,21,3,2,1,1
0,0,0,0,0,0,0,0,0,0,0,0,0,0,0,0,175,185,0,0,11,14,74,0,1,1,0,2,3,2,0,0,0,4,2,3,137,3,0,91,4,1,0,2,0,1,56,0,0,1,2,4,1,1,17,0,0,34,2,0,0,33,0,16,0,3,0,0,0,0,103,7,1,0,0,6,0,2,0,8,0,0,3,0,0,7,1,60,0,4,123,3,2,8,4,0,19,47,12,74
0,0,0,0,0,0,0,0,0,0,0,0,0,0,0,0,0,126,0,0,6,7,114,0,3,0,0,13,7,0,2,2,0,0,1,30,36,5,6,67,2,3,0,3,0,5,14,0,0,0,1,17,0,0,65,1,0,59,0,0,1,10,0,15,0,0,0,0,2,0,18,27,2,1,0,11,0,2,0,3,1,0,2,0,0,40,0,5,0,1,59,3,2,12,13,0,25,90,13,37
0,0,0,0,0,0,0,0,0,0,0,0,0,0,0,0,0,0,23,19,0,0,0,3,0,2,0,9,0,0,0,3,20,0,0,0,0,0,1,0,0,18,7,44,0,0,0,20,0,0,0,5,0,3,1,0,93,0,0,0,2,0,5,9,34,0,0,10,0,0,0,1,0,0,0,0,1,5,21,0,0,5,0,16,0,0,0,0,3,0,0,0,8,0,9,9,0,0,0,0
0,0,0,0,0,0,0,0,0,0,0,0,0,0,0,0,0,0,0,132,1,0,0,4,1,30,0,19,1,0,7,5,33,0,0,0,0,4,2,0,0,0,68,56,0,0,0,0,0,1,1,49,0,9,0,0,9,0,0,0,50,0,7,50,0,0,1,0,0,0,1,21,5,0,0,1,31,109,16,0,1,62,1,0,1,1,0,1,11,1,1,0,10,0,10,10,0,2,1,1
0,0,0,0,0,0,0,0,0,0,0,0,0,0,0,0,0,0,0,0,137,65,1,2,34,0,30,1,22,111,2,6,3,77,52,13,1,19,0,3,89,9,4,0,8,3,42,0,4,6,7,4,10,1,0,4,0,6,20,3,2,1,1,33,0,63,10,0,39,19,33,0,5,1,3,15,0,1,0,9,7,2,72,2,1,0,1,5,2,53,109,48,22,0,9,1,25,2,1,1
0,0,0,0,0,0,0,0,0,0,0,0,0,0,0,0,0,0,0,0,0,132,8,2,55,2,11,1,38,30,1,12,0,73,5,7,4,35,0,15,29,14,2,2,1,0,16,0,2,3,7,4,10,4,3,3,1,4,18,5,3,0,2,61,0,37,18,0,57,27,6,1,5,4,5,67,0,2,0,43,17,1,89,1,4,2,6,9,3,7,87,140,44,0,8,1,168,1,1,0
0,0,0,0,0,0,0,0,0,0,0,0,0,0,0,0,0,0,0,0,0,0,68,0,1,1,0,5,7,0,5,1,0,4,1,5,22,5,2,44,0,0,1,0,0,0,1,0,0,0,2,4,0,0,16,2,0,4,0,1,0,9,0,14,0,0,0,0,2,0,4,13,2,0,0,22,0,1,0,10,2,0,2,0,2,44,0,0,0,1,16,0,5,7,9,0,16,90,7,36
0,0,0,0,0,0,0,0,0,0,0,0,0,0,0,0,0,0,0,0,0,0,0,47,0,1,0,0,0,1,0,21,10,0,0,1,0,3,0,0,0,98,0,4,0,0,0,13,0,0,0,0,2,14,0,0,4,0,0,0,0,0,59,2,10,0,0,24,0,0,0,0,0,156,0,0,2,0,5,0,0,0,4,48,0,0,0,0,14,0,1,2,84,0,2,11,0,0,0,0
0,0,0,0,0,0,0,0,0,0,0,0,0,0,0,0,0,0,0,0,0,0,0,0,112,0,0,0,2,106,1,0,0,10,15,0,0,9,0,7,11,0,2,0,1,0,3,0,0,0,29,0,3,0,1,0,0,0,19,24,1,0,0,3,0,44,75,0,190,100,1,0,1,1,1,29,0,0,0,9,59,0,64,0,11,0,1,1,5,8,13,117,7,0,0,0,13,0,0,0
0,0,0,0,0,0,0,0,0,0,0,0,0,0,0,0,0,0,0,0,0,0,0,0,0,155,1,9,6,0,89,32,22,5,0,0,1,5,34,2,2,1,19,33,0,0,1,0,1,0,1,14,0,6,0,0,1,1,1,0,122,0,0,187,0,1,0,0,0,3,0,0,22,0,0,62,5,211,30,5,2,4,1,0,2,2,0,0,2,1,0,1,21,4,13,17,0,4,26,3
0,0,0,0,0,0,0,0,0,0,0,0,0,0,0,0,0,0,0,0,0,0,0,0,0,0,92,0,39,10,7,1,0,45,34,18,0,16,0,3,100,0,1,0,37,22,3,0,6,99,0,1,14,0,1,52,0,6,2,0,1,0,0,14,0,6,0,0,1,1,6,0,2,0,45,3,0,0,0,7,2,0,12,0,0,0,0,0,0,72,16,1,5,0,3,0,16,0,0,0
0,0,0,0,0,0,0,0,0,0,0,0,0,0,0,0,0,0,0,0,0,0,0,0,0,0,0,114,1,1,3,0,11,0,0,0,0,2,124,1,0,0,3,151,0,0,0,1,0,0,0,3,0,0,1,0,29,2,0,0,4,5,0,13,4,0,0,0,0,1,3,105,1,0,0,11,1,115,10,1,0,0,0,0,1,30,0,0,1,0,0,0,0,64,5,1,2,7,18,3
0,0,0,0,0,0,0,0,0,0,0,0,0,0,0,0,0,0,0,0,0,0,0,0,0,0,0,0,94,0,27,0,0,104,1,0,2,4,0,28,46,1,4,0,5,1,0,0,0,10,1,3,0,0,1,0,0,4,1,2,4,0,0,26,0,2,0,0,2,2,7,2,68,0,3,60,0,2,0,77,7,2,4,0,3,1,0,0,0,5,21,8,3,0,4,0,102,4,4,5
0,0,0,0,0,0,0,0,0,0,0,0,0,0,0,0,0,0,0,0,0,0,0,0,0,0,0,0,0,254,1,1,0,10,133,1,1,10,0,0,11,1,3,0,5,1,18,0,3,3,5,1,33,0,2,4,0,5,27,4,0,0,0,14,0,73,9,2,118,33,17,0,0,0,3,4,0,1,0,2,7,1,24,0,0,0,1,3,0,30,37,55,7,0,1,0,5,0,1,0
0,0,0,0,0,0,0,0,0,0,0,0,0,0,0,0,0,0,0,0,0,0,0,0,0,0,0,0,0,0,43,30,3,14,0,0,0,5,14,2,7,0,9,0,0,0,0,0,0,0,5,5,0,0,1,0,0,0,1,1,70,2,0,36,0,0,0,0,2,3,0,2,68,0,0,58,9,52,0,26,0,6,2,0,5,3,0,0,0,0,4,8,17,4,4,3,11,2,15,2
0,0,0,0,0,0,0,0,0,0,0,0,0,0,0,0,0,0,0,0,0,0,0,0,0,0,0,0,0,0,0,43,23,1,1,6,0,24,5,3,2,99,13,24,0,1,3,2,1,2,4,4,3,24,4,0,5,2,5,0,98,0,7,46,5,1,2,12,1,0,1,2,34,27,3,33,9,16,16,4,1,6,10,18,1,0,0,1,7,5,1,5,93,0,26,46,2,1,0,0
0,0,0,0,0,0,0,0,0,0,0,0,0,0,0,0,0,0,0,0,0,0,0,0,0,0,0,0,0,0,0,0,104,1,0,1,0,8,2,0,0,54,24,191,0,1,0,1,0,0,0,13,1,36,0,1,71,0,0,0,9,0,10,49,7,0,0,4,0,0,0,1,0,4,0,1,5,38,144,0,0,2,3,8,0,0,0,0,7,0,1,0,38,0,29,26,0,0,1,0
0,0,0,0,0,0,0,0,0,0,0,0,0,0,0,0,0,0,0,0,0,0,0,0,0,0,0,0,0,0,0,0,0,93,7,2,2,10,0,9,106,3,0,2,9,7,3,0,6,16,0,0,2,0,1,2,0,4,4,0,4,0,0,11,0,3,2,0,5,1,7,0,23,0,12,45,0,5,0,59,1,0,4,0,3,0,1,3,0,21,43,15,3,0,5,0,99,0,2,5
0,0,0,0,0,0,0,0,0,0,0,0,0,0,0,0,0,0,0,0,0,0,0,0,0,0,0,0,0,0,0,0,0,0,297,6,0,3,1,0,16,1,5,0,39,23,10,0,70,18,2,0,152,0,0,7,0,20,40,0,1,1,0,19,0,14,0,0,8,1,31,0,0,0,6,6,5,0,0,1,1,0,6,0,0,0,1,2,0,219,16,1,6,0,1,0,3,0,0,0
0,0,0,0,0,0,0,0,0,0,0,0,0,0,0,0,0,0,0,0,0,0,0,0,0,0,0,0,0,0,0,0,0,0,0,59,5,62,0,11,10,5,3,2,7,12,4,0,16,27,0,24,19,0,14,64,0,74,11,0,1,0,0,65,0,2,1,0,0,1,4,1,1,0,158,1,1,2,1,3,0,0,24,1,1,0,1,3,1,7,14,3,5,1,10,0,3,1,2,3
0,0,0,0,0,0,0,0,0,0,0,0,0,0,0,0,0,0,0,0,0,0,0,0,0,0,0,0,0,0,0,0,0,0,0,0,123,1,1,165,1,2,0,3,0,2,31,0,0,0,0,0,0,0,7,0,0,9,0,0,0,35,0,14,0,0,0,0,2,0,65,0,0,0,0,3,0,1,0,1,0,0,1,0,0,4,0,50,0,1,48,1,0,7,8,0,18,64,16,122
0,0,0,0,0,0,0,0,0,0,0,0,0,0,0,0,0,0,0,0,0,0,0,0,0,0,0,0,0,0,0,0,0,0,0,0,0,79,1,8,15,45,10,2,3,2,6,0,3,20,7,6,9,12,10,40,1,6,19,6,26,0,1,40,0,5,15,1,7,3,4,1,6,5,74,21,30,5,4,7,8,10,112,1,3,0,41,0,10,10,12,13,108,0,16,4,10,1,5,3
0,0,0,0,0,0,0,0,0,0,0,0,0,0,0,0,0,0,0,0,0,0,0,0,0,0,0,0,0,0,0,0,0,0,0,0,0,0,98,3,0,0,2,19,0,0,0,0,0,0,3,20,0,1,2,0,1,3,0,0,16,13,0,47,0,0,0,0,0,0,1,34,3,0,0,62,3,77,1,0,1,3,1,0,2,45,0,0,1,0,1,1,4,115,11,1,0,7,155,5
0,0,0,0,0,0,0,0,0,0,0,0,0,0,0,0,0,0,0,0,0,0,0,0,0,0,0,0,0,0,0,0,0,0,0,0,0,0,0,123,2,1,4,10,2,1,37,0,0,0,4,0,0,0,16,0,1,21,0,5,5,38,0,46,0,1,1,0,2,2,40,2,5,0,0,28,2,1,0,25,7,0,1,0,0,3,0,15,0,3,112,6,6,4,13,0,85,49,44,107
0,0,0,0,0,0,0,0,0,0,0,0,0,0,0,0,0,0,0,0,0,0,0,0,0,0,0,0,0,0,0,0,0,0,0,0,0,0,0,0,140,1,1,0,26,3,11,0,15,81,0,0,8,0,2,18,0,4,3,1,1,0,0,13,0,12,1,0,4,10,13,0,15,0,43,22,1,1,1,13,0,1,12,0,2,0,1,0,0,57,67,11,5,0,3,1,37,0,1,1
0,0,0,0,0,0,0,0,0,0,0,0,0,0,0,0,0,0,0,0,0,0,0,0,0,0,0,0,0,0,0,0,0,0,0,0,0,0,0,0,0,40,2,24,0,1,7,34,0,0,1,0,0,23,2,0,25,1,0,1,1,0,17,22,90,1,1,83,2,1,2,0,0,77,0,1,2,0,29,0,0,0,16,81,1,0,0,2,6,0,24,4,42,0,35,12,0,0,1,0
0,0,0,0,0,0,0,0,0,0,0,0,0,0,0,0,0,0,0,0,0,0,0,0,0,0,0,0,0,0,0,0,0,0,0,0,0,0,0,0,0,0,78,14,2,0,0,0,0,1,29,7,3,28,1,1,4,1,7,33,40,1,21,24,0,8,25,0,0,10,1,7,4,3,4,19,82,27,11,9,29,43,35,0,46,1,0,0,94,1,3,5,60,0,4,25,11,3,1,1
0,0,0,0,0,0,0,0,0,0,0,0,0,0,0,0,0,0,0,0,0,0,0,0,0,0,0,0,0,0,0,0,0,0,0,0,0,0,0,0,0,0,0,99,1,2,3,2,0,0,1,12,0,20,2,2,48,3,0,0,18,0,5,101,8,0,1,0,0,0,6,50,6,4,0,7,4,66,126,3,0,5,1,12,0,4,0,1,3,0,8,0,29,3,49,15,2,0,1,3
0,0,0,0,0,0,0,0,0,0,0,0,0,0,0,0,0,0,0,0,0,0,0,0,0,0,0,0,0,0,0,0,0,0,0,0,0,0,0,0,0,0,0,0,274,196,59,0,27,40,0,2,46,0,1,51,0,26,12,0,1,0,0,9,0,0,0,0,0,0,4,1,0,0,24,0,0,0,0,0,0,0,2,0,0,0,0,1,0,59,16,0,4,0,1,0,5,0,0,0
0,0,0,0,0,0,0,0,0,0,0,0,0,0,0,0,0,0,0,0,0,0,0,0,0,0,0,0,0,0,0,0,0,0,0,0,0,0,0,0,0,0,0,0,0,160,20,0,25,27,0,0,39,0,0,33,0,49,7,0,0,0,0,15,0,1,0,0,0,0,9,1,1,0,28,0,0,0,0,0,0,0,2,0,0,0,0,2,0,16,5,0,0,0,1,0,2,0,0,0
0,0,0,0,0,0,0,0,0,0,0,0,0,0,0,0,0,0,0,0,0,0,0,0,0,0,0,0,0,0,0,0,0,0,0,0,0,0,0,0,0,0,0,0,0,0,142,0,0,1,1,4,1,1,7,2,1,26,1,0,0,7,0,23,1,7,0,0,4,2,180,0,1,0,0,1,0,1,1,1,1,0,12,0,0,0,0,93,0,11,143,6,6,0,10,0,6,9,4,14
0,0,0,0,0,0,0,0,0,0,0,0,0,0,0,0,0,0,0,0,0,0,0,0,0,0,0,0,0,0,0,0,0,0,0,0,0,0,0,0,0,0,0,0,0,0,0,62,0,0,0,0,0,1,0,0,9,0,0,0,0,0,5,0,32,0,0,39,0,0,0,0,0,13,0,0,0,0,2,0,0,0,0,182,0,0,0,0,2,0,0,0,3,0,2,2,0,0,0,0
0,0,0,0,0,0,0,0,0,0,0,0,0,0,0,0,0,0,0,0,0,0,0,0,0,0,0,0,0,0,0,0,0,0,0,0,0,0,0,0,0,0,0,0,0,0,0,0,156,67,0,0,182,0,0,20,0,14,17,0,1,1,0,3,0,2,1,0,0,0,1,0,0,0,34,0,0,0,1,2,0,0,2,0,0,0,0,0,0,115,2,1,2,0,0,0,0,0,0,0
0,0,0,0,0,0,0,0,0,0,0,0,0,0,0,0,0,0,0,0,0,0,0,0,0,0,0,0,0,0,0,0,0,0,0,0,0,0,0,0,0,0,0,0,0,0,0,0,0,163,0,0,24,0,2,102,0,10,11,0,0,0,0,9,0,2,1,0,0,0,3,0,1,0,135,5,0,0,0,6,0,0,5,0,0,0,0,0,0,93,6,0,6,0,4,0,3,0,0,0
0,0,0,0,0,0,0,0,0,0,0,0,0,0,0,0,0,0,0,0,0,0,0,0,0,0,0,0,0,0,0,0,0,0,0,0,0,0,0,0,0,0,0,0,0,0,0,0,0,0,103,4,1,0,0,0,0,0,5,10,10,0,1,16,0,15,20,0,7,101,0,0,5,0,1,48,33,5,0,7,35,34,56,0,80,0,1,0,37,0,3,13,9,0,2,0,2,0,1,1
0,0,0,0,0,0,0,0,0,0,0,0,0,0,0,0,0,0,0,0,0,0,0,0,0,0,0,0,0,0,0,0,0,0,0,0,0,0,0,0,0,0,0,0,0,0,0,0,0,0,0,46,0,0,35,0,1,18,0,0,5,1,0,45,0,0,0,0,0,0,5,1,4,0,0,15,3,56,6,1,0,1,2,1,0,3,0,1,0,0,6,2,10,5,76,1,1,0,5,0
0,0,0,0,0,0,0,0,0,0,0,0,0,0,0,0,0,0,0,0,0,0,0,0,0,0,0,0,0,0,0,0,0,0,0,0,0,0,0,0,0,0,0,0,0,0,0,0,0,0,0,0,183,0,1,30,0,34,64,1,3,0,0,20,0,12,2,0,4,7,8,0,0,0,13,1,1,0,0,1,1,1,34,0,1,1,0,0,0,59,0,3,11,0,1,0,1,0,0,0
0,0,0,0,0,0,0,0,0,0,0,0,0,0,0,0,0,0,0,0,0,0,0,0,0,0,0,0,0,0,0,0,0,0,0,0,0,0,0,0,0,0,0,0,0,0,0,0,0,0,0,0,0,33,0,0,5,0,0,2,8,0,15,10,4,0,1,1,0,2,0,0,3,5,0,0,9,5,17,0,0,4,0,4,1,0,0,0,19,0,0,0,135,0,8,63,0,0,0,0
0,0,0,0,0,0,0,0,0,0,0,0,0,0,0,0,0,0,0,0,0,0,0,0,0,0,0,0,0,0,0,0,0,0,0,0,0,0,0,0,0,0,0,0,0,0,0,0,0,0,0,0,0,0,33,2,0,37,0,1,1,6,0,13,0,1,0,0,0,0,5,2,0,0,0,4,0,2,1,2,1,0,2,1,0,4,0,2,0,0,15,0,0,2,41,0,5,8,5,5
0,0,0,0,0,0,0,0,0,0,0,0,0,0,0,0,0,0,0,0,0,0,0,0,0,0,0,0,0,0,0,0,0,0,0,0,0,0,0,0,0,0,0,0,0,0,0,0,0,0,0,0,0,0,0,99,0,11,10,0,0,0,0,5,0,2,1,0,0,0,1,0,0,0,149,0,0,0,0,0,0,0,1,0,0,0,1,1,0,10,4,1,0,1,3,0,2,1,0,1
0,0,0,0,0,0,0,0,0,0,0,0,0,0,0,0,0,0,0,0,0,0,0,0,0,0,0,0,0,0,0,0,0,0,0,0,0,0,0,0,0,0,0,0,0,0,0,0,0,0,0,0,0,0,0,0,114,0,0,0,1,0,3,3,100,0,0,3,1,0,0,7,0,2,0,0,1,2,25,0,0,1,1,13,0,0,0,0,0,0,0,0,6,0,14,7,0,0,0,0
0,0,0,0,0,0,0,0,0,0,0,0,0,0,0,0,0,0,0,0,0,0,0,0,0,0,0,0,0,0,0,0,0,0,0,0,0,0,0,0,0,0,0,0,0,0,0,0,0,0,0,0,0,0,0,0,0,129,7,1,0,4,0,117,0,0,0,0,0,0,43,6,3,0,15,1,0,3,1,3,1,0,3,0,0,0,1,9,0,20,36,0,0,1,27,0,6,9,2,11
0,0,0,0,0,0,0,0,0,0,0,0,0,0,0,0,0,0,0,0,0,0,0,0,0,0,0,0,0,0,0,0,0,0,0,0,0,0,0,0,0,0,0,0,0,0,0,0,0,0,0,0,0,0,0,0,0,0,65,6,6,0,0,23,0,44,13,0,3,12,6,0,2,0,2,4,1,0,0,1,10,2,113,0,2,0,11,0,2,10,8,12,16,0,1,1,1,0,0,0
0,0,0,0,0,0,0,0,0,0,0,0,0,0,0,0,0,0,0,0,0,0,0,0,0,0,0,0,0,0,0,0,0,0,0,0,0,0,0,0,0,0,0,0,0,0,0,0,0,0,0,0,0,0,0,0,0,0,0,116,0,0,0,7,0,56,78,0,5,5,0,0,1,1,4,11,2,0,0,7,98,0,37,0,62,0,2,0,1,2,2,8,1,0,0,0,4,0,0,0
0,0,0,0,0,0,0,0,0,0,0,0,0,0,0,0,0,0,0,0,0,0,0,0,0,0,0,0,0,0,0,0,0,0,0,0,0,0,0,0,0,0,0,0,0,0,0,0,0,0,0,0,0,0,0,0,0,0,0,0,119,1,3,77,0,1,1,0,0,11,0,2,53,0,0,57,61,100,4,4,1,89,4,0,6,1,0,0,7,1,1,4,46,3,18,32,3,2,10,2
0,0,0,0,0,0,0,0,0,0,0,0,0,0,0,0,0,0,0,0,0,0,0,0,0,0,0,0,0,0,0,0,0,0,0,0,0,0,0,0,0,0,0,0,0,0,0,0,0,0,0,0,0,0,0,0,0,0,0,0,0,57,0,2,0,0,0,0,0,0,18,5,1,0,0,11,0,0,1,2,0,0,0,0,0,17,0,4,0,0,8,0,0,36,3,0,15,65,111,197
0,0,0,0,0,0,0,0,0,0,0,0,0,0,0,0,0,0,0,0,0,0,0,0,0,0,0,0,0,0,0,0,0,0,0,0,0,0,0,0,0,0,0,0,0,0,0,0,0,0,0,0,0,0,0,0,0,0,0,0,0,0,27,1,1,0,0,4,0,0,0,0,0,36,0,1,11,1,3,0,0,22,1,5,0,0,0,0,42,0,1,0,16,0,1,28,0,0,0,0
0,0,0,0,0,0,0,0,0,0,0,0,0,0,0,0,0,0,0,0,0,0,0,0,0,0,0,0,0,0,0,0,0,0,0,0,0,0,0,0,0,0,0,0,0,0,0,0,0,0,0,0,0,0,0,0,0,0,0,0,0,0,0,127,1,4,6,2,3,3,63,14,36,8,14,98,18,159,34,31,9,14,29,4,1,3,0,8,3,31,99,23,84,8,141,9,50,7,29,13
0,0,0,0,0,0,0,0,0,0,0,0,0,0,0,0,0,0,0,0,0,0,0,0,0,0,0,0,0,0,0,0,0,0,0,0,0,0,0,0,0,0,0,0,0,0,0,0,0,0,0,0,0,0,0,0,0,0,0,0,0,0,0,0,25,0,0,26,0,0,0,1,0,10,0,0,0,0,6,0,0,0,0,115,0,0,0,0,1,0,0,0,5,0,12,3,0,0,0,0
0,0,0,0,0,0,0,0,0,0,0,0,0,0,0,0,0,0,0,0,0,0,0,0,0,0,0,0,0,0,0,0,0,0,0,0,0,0,0,0,0,0,0,0,0,0,0,0,0,0,0,0,0,0,0,0,0,0,0,0,0,0,0,0,0,46,56,0,37,14,6,0,1,0,2,8,1,0,0,1,50,1,98,0,11,0,33,1,4,9,15,23,2,0,1,1,1,0,0,0
0,0,0,0,0,0,0,0,0,0,0,0,0,0,0,0,0,0,0,0,0,0,0,0,0,0,0,0,0,0,0,0,0,0,0,0,0,0,0,0,0,0,0,0,0,0,0,0,0,0,0,0,0,0,0,0,0,0,0,0,0,0,0,0,0,0,94,0,26,9,1,0,1,0,1,5,3,0,0,4,142,2,97,0,42,0,3,0,4,5,3,25,7,0,1,1,9,0,0,0
0,0,0,0,0,0,0,0,0,0,0,0,0,0,0,0,0,0,0,0,0,0,0,0,0,0,0,0,0,0,0,0,0,0,0,0,0,0,0,0,0,0,0,0,0,0,0,0,0,0,0,0,0,0,0,0,0,0,0,0,0,0,0,0,0,0,0,53,0,0,0,0,0,24,0,0,0,0,2,0,0,0,0,59,0,0,0,0,1,0,2,0,5,0,2,1,0,0,1,0
0,0,0,0,0,0,0,0,0,0,0,0,0,0,0,0,0,0,0,0,0,0,0,0,0,0,0,0,0,0,0,0,0,0,0,0,0,0,0,0,0,0,0,0,0,0,0,0,0,0,0,0,0,0,0,0,0,0,0,0,0,0,0,0,0,0,0,0,219,105,2,0,0,1,1,7,0,0,1,2,14,0,25,1,1,0,0,2,1,4,9,209,6,0,0,0,4,1,0,0
0,0,0,0,0,0,0,0,0,0,0,0,0,0,0,0,0,0,0,0,0,0,0,0,0,0,0,0,0,0,0,0,0,0,0,0,0,0,0,0,0,0,0,0,0,0,0,0,0,0,0,0,0,0,0,0,0,0,0,0,0,0,0,0,0,0,0,0,0,220,0,1,2,0,1,117,2,5,0,10,87,5,29,0,17,0,0,0,2,1,5,115,6,0,0,0,6,2,0,1
0,0,0,0,0,0,0,0,0,0,0,0,0,0,0,0,0,0,0,0,0,0,0,0,0,0,0,0,0,0,0,0,0,0,0,0,0,0,0,0,0,0,0,0,0,0,0,0,0,0,0,0,0,0,0,0,0,0,0,0,0,0,0,0,0,0,0,0,0,0,157,1,2,0,1,6,0,0,1,2,0,0,8,0,0,4,0,167,0,17,102,2,2,5,17,0,8,10,10,35
0,0,0,0,0,0,0,0,0,0,0,0,0,0,0,0,0,0,0,0,0,0,0,0,0,0,0,0,0,0,0,0,0,0,0,0,0,0,0,0,0,0,0,0,0,0,0,0,0,0,0,0,0,0,0,0,0,0,0,0,0,0,0,0,0,0,0,0,0,0,0,109,3,0,0,27,0,26,3,2,0,0,0,0,0,58,0,0,0,0,0,1,2,33,1,0,3,19,23,1
0,0,0,0,0,0,0,0,0,0,0,0,0,0,0,0,0,0,0,0,0,0,0,0,0,0,0,0,0,0,0,0,0,0,0,0,0,0,0,0,0,0,0,0,0,0,0,0,0,0,0,0,0,0,0,0,0,0,0,0,0,0,0,0,0,0,0,0,0,0,0,0,81,0,0,50,3,21,1,47,2,5,4,0,3,5,0,0,1,0,6,1,17,3,5,6,16,2,9,1
0,0,0,0,0,0,0,0,0,0,0,0,0,0,0,0,0,0,0,0,0,0,0,0,0,0,0,0,0,0,0,0,0,0,0,0,0,0,0,0,0,0,0,0,0,0,0,0,0,0,0,0,0,0,0,0,0,0,0,0,0,0,0,0,0,0,0,0,0,0,0,0,0,39,0,0,0,1,4,0,0,0,7,43,0,0,0,0,3,0,2,0,34,0,2,4,0,0,0,0
0,0,0,0,0,0,0,0,0,0,0,0,0,0,0,0,0,0,0,0,0,0,0,0,0,0,0,0,0,0,0,0,0,0,0,0,0,0,0,0,0,0,0,0,0,0,0,0,0,0,0,0,0,0,0,0,0,0,0,0,0,0,0,0,0,0,0,0,0,0,0,0,0,0,109,0,1,0,0,2,0,1,13,0,0,0,0,0,0,20,1,0,5,0,4,0,1,0,0,0
0,0,0,0,0,0,0,0,0,0,0,0,0,0,0,0,0,0,0,0,0,0,0,0,0,0,0,0,0,0,0,0,0,0,0,0,0,0,0,0,0,0,0,0,0,0,0,0,0,0,0,0,0,0,0,0,0,0,0,0,0,0,0,0,0,0,0,0,0,0,0,0,0,0,0,170,20,35,0,95,55,24,22,1,28,21,0,0,8,3,22,75,33,21,24,1,83,36,93,15
0,0,0,0,0,0,0,0,0,0,0,0,0,0,0,0,0,0,0,0,0,0,0,0,0,0,0,0,0,0,0,0,0,0,0,0,0,0,0,0,0,0,0,0,0,0,0,0,0,0,0,0,0,0,0,0,0,0,0,0,0,0,0,0,0,0,0,0,0,0,0,0,0,0,0,0,61,17,2,1,3,152,7,0,2,0,3,0,71,1,1,2,28,0,2,10,1,0,2,0
0,0,0,0,0,0,0,0,0,0,0,0,0,0,0,0,0,0,0,0,0,0,0,0,0,0,0,0,0,0,0,0,0,0,0,0,0,0,0,0,0,0,0,0,0,0,0,0,0,0,0,0,0,0,0,0,0,0,0,0,0,0,0,0,0,0,0,0,0,0,0,0,0,0,0,0,0,139,18,3,0,21,3,0,1,8,0,0,2,2,0,2,23,20,27,8,0,3,17,1
0,0,0,0,0,0,0,0,0,0,0,0,0,0,0,0,0,0,0,0,0,0,0,0,0,0,0,0,0,0,0,0,0,0,0,0,0,0,0,0,0,0,0,0,0,0,0,0,0,0,0,0,0,0,0,0,0,0,0,0,0,0,0,0,0,0,0,0,0,0,0,0,0,0,0,0,0,0,41,0,0,1,2,5,0,0,0,0,2,2,1,1,22,0,38,13,0,0,0,0
0,0,0,0,0,0,0,0,0,0,0,0,0,0,0,0,0,0,0,0,0,0,0,0,0,0,0,0,0,0,0,0,0,0,0,0,0,0,0,0,0,0,0,0,0,0,0,0,0,0,0,0,0,0,0,0,0,0,0,0,0,0,0,0,0,0,0,0,0,0,0,0,0,0,0,0,0,0,0,61,7,3,3,0,2,1,1,0,1,3,21,8,12,1,3,0,87,11,13,12
0,0,0,0,0,0,0,0,0,0,0,0,0,0,0,0,0,0,0,0,0,0,0,0,0,0,0,0,0,0,0,0,0,0,0,0,0,0,0,0,0,0,0,0,0,0,0,0,0,0,0,0,0,0,0,0,0,0,0,0,0,0,0,0,0,0,0,0,0,0,0,0,0,0,0,0,0,0,0,0,100,0,67,1,110,0,5,0,6,1,7,58,2,0,3,0,7,1,0,0
0,0,0,0,0,0,0,0,0,0,0,0,0,0,0,0,0,0,0,0,0,0,0,0,0,0,0,0,0,0,0,0,0,0,0,0,0,0,0,0,0,0,0,0,0,0,0,0,0,0,0,0,0,0,0,0,0,0,0,0,0,0,0,0,0,0,0,0,0,0,0,0,0,0,0,0,0,0,0,0,0,101,3,0,4,0,0,0,19,1,1,1,18,0,8,7,2,0,2,0
0,0,0,0,0,0,0,0,0,0,0,0,0,0,0,0,0,0,0,0,0,0,0,0,0,0,0,0,0,0,0,0,0,0,0,0,0,0,0,0,0,0,0,0,0,0,0,0,0,0,0,0,0,0,0,0,0,0,0,0,0,0,0,0,0,0,0,0,0,0,0,0,0,0,0,0,0,0,0,0,0,0,142,0,41,0,50,0,15,17,16,45,17,0,3,0,7,1,1,2
0,0,0,0,0,0,0,0,0,0,0,0,0,0,0,0,0,0,0,0,0,0,0,0,0,0,0,0,0,0,0,0,0,0,0,0,0,0,0,0,0,0,0,0,0,0,0,0,0,0,0,0,0,0,0,0,0,0,0,0,0,0,0,0,0,0,0,0,0,0,0,0,0,0,0,0,0,0,0,0,0,0,0,49,0,0,0,0,5,1,1,0,7,0,12,2,1,0,0,0
0,0,0,0,0,0,0,0,0,0,0,0,0,0,0,0,0,0,0,0,0,0,0,0,0,0,0,0,0,0,0,0,0,0,0,0,0,0,0,0,0,0,0,0,0,0,0,0,0,0,0,0,0,0,0,0,0,0,0,0,0,0,0,0,0,0,0,0,0,0,0,0,0,0,0,0,0,0,0,0,0,0,0,0,93,0,0,0,14,0,4,8,2,0,0,1,2,0,1,0
0,0,0,0,0,0,0,0,0,0,0,0,0,0,0,0,0,0,0,0,0,0,0,0,0,0,0,0,0,0,0,0,0,0,0,0,0,0,0,0,0,0,0,0,0,0,0,0,0,0,0,0,0,0,0,0,0,0,0,0,0,0,0,0,0,0,0,0,0,0,0,0,0,0,0,0,0,0,0,0,0,0,0,0,0,87,0,0,0,0,0,1,1,67,2,0,4,58,33,8
0,0,0,0,0,0,0,0,0,0,0,0,0,0,0,0,0,0,0,0,0,0,0,0,0,0,0,0,0,0,0,0,0,0,0,0,0,0,0,0,0,0,0,0,0,0,0,0,0,0,0,0,0,0,0,0,0,0,0,0,0,0,0,0,0,0,0,0,0,0,0,0,0,0,0,0,0,0,0,0,0,0,0,0,0,0,32,0,0,0,1,3,3,0,0,0,0,0,0,0
0,0,0,0,0,0,0,0,0,0,0,0,0,0,0,0,0,0,0,0,0,0,0,0,0,0,0,0,0,0,0,0,0,0,0,0,0,0,0,0,0,0,0,0,0,0,0,0,0,0,0,0,0,0,0,0,0,0,0,0,0,0,0,0,0,0,0,0,0,0,0,0,0,0,0,0,0,0,0,0,0,0,0,0,0,0,0,74,0,0,41,2,0,0,7,0,5,1,1,6
0,0,0,0,0,0,0,0,0,0,0,0,0,0,0,0,0,0,0,0,0,0,0,0,0,0,0,0,0,0,0,0,0,0,0,0,0,0,0,0,0,0,0,0,0,0,0,0,0,0,0,0,0,0,0,0,0,0,0,0,0,0,0,0,0,0,0,0,0,0,0,0,0,0,0,0,0,0,0,0,0,0,0,0,0,0,0,0,62,2,0,1,20,0,1,39,1,0,0,0
0,0,0,0,0,0,0,0,0,0,0,0,0,0,0,0,0,0,0,0,0,0,0,0,0,0,0,0,0,0,0,0,0,0,0,0,0,0,0,0,0,0,0,0,0,0,0,0,0,0,0,0,0,0,0,0,0,0,0,0,0,0,0,0,0,0,0,0,0,0,0,0,0,0,0,0,0,0,0,0,0,0,0,0,0,0,0,0,0,226,17,4,19,0,5,0,4,0,0,0
0,0,0,0,0,0,0,0,0,0,0,0,0,0,0,0,0,0,0,0,0,0,0,0,0,0,0,0,0,0,0,0,0,0,0,0,0,0,0,0,0,0,0,0,0,0,0,0,0,0,0,0,0,0,0,0,0,0,0,0,0,0,0,0,0,0,0,0,0,0,0,0,0,0,0,0,0,0,0,0,0,0,0,0,0,0,0,0,0,0,154,13,5,1,34,2,86,8,12,31
0,0,0,0,0,0,0,0,0,0,0,0,0,0,0,0,0,0,0,0,0,0,0,0,0,0,0,0,0,0,0,0,0,0,0,0,0,0,0,0,0,0,0,0,0,0,0,0,0,0,0,0,0,0,0,0,0,0,0,0,0,0,0,0,0,0,0,0,0,0,0,0,0,0,0,0,0,0,0,0,0,0,0,0,0,0,0,0,0,0,0,151,19,0,3,0,32,2,0,1
0,0,0,0,0,0,0,0,0,0,0,0,0,0,0,0,0,0,0,0,0,0,0,0,0,0,0,0,0,0,0,0,0,0,0,0,0,0,0,0,0,0,0,0,0,0,0,0,0,0,0,0,0,0,0,0,0,0,0,0,0,0,0,0,0,0,0,0,0,0,0,0,0,0,0,0,0,0,0,0,0,0,0,0,0,0,0,0,0,0,0,0,136,0,22,48,4,1,0,3
0,0,0,0,0,0,0,0,0,0,0,0,0,0,0,0,0,0,0,0,0,0,0,0,0,0,0,0,0,0,0,0,0,0,0,0,0,0,0,0,0,0,0,0,0,0,0,0,0,0,0,0,0,0,0,0,0,0,0,0,0,0,0,0,0,0,0,0,0,0,0,0,0,0,0,0,0,0,0,0,0,0,0,0,0,0,0,0,0,0,0,0,0,91,2,0,2,37,64,22
0,0,0,0,0,0,0,0,0,0,0,0,0,0,0,0,0,0,0,0,0,0,0,0,0,0,0,0,0,0,0,0,0,0,0,0,0,0,0,0,0,0,0,0,0,0,0,0,0,0,0,0,0,0,0,0,0,0,0,0,0,0,0,0,0,0,0,0,0,0,0,0,0,0,0,0,0,0,0,0,0,0,0,0,0,0,0,0,0,0,0,0,0,0,96,4,17,3,17,5
0,0,0,0,0,0,0,0,0,0,0,0,0,0,0,0,0,0,0,0,0,0,0,0,0,0,0,0,0,0,0,0,0,0,0,0,0,0,0,0,0,0,0,0,0,0,0,0,0,0,0,0,0,0,0,0,0,0,0,0,0,0,0,0,0,0,0,0,0,0,0,0,0,0,0,0,0,0,0,0,0,0,0,0,0,0,0,0,0,0,0,0,0,0,0,35,1,0,0,0
0,0,0,0,0,0,0,0,0,0,0,0,0,0,0,0,0,0,0,0,0,0,0,0,0,0,0,0,0,0,0,0,0,0,0,0,0,0,0,0,0,0,0,0,0,0,0,0,0,0,0,0,0,0,0,0,0,0,0,0,0,0,0,0,0,0,0,0,0,0,0,0,0,0,0,0,0,0,0,0,0,0,0,0,0,0,0,0,0,0,0,0,0,0,0,0,93,33,36,28
0,0,0,0,0,0,0,0,0,0,0,0,0,0,0,0,0,0,0,0,0,0,0,0,0,0,0,0,0,0,0,0,0,0,0,0,0,0,0,0,0,0,0,0,0,0,0,0,0,0,0,0,0,0,0,0,0,0,0,0,0,0,0,0,0,0,0,0,0,0,0,0,0,0,0,0,0,0,0,0,0,0,0,0,0,0,0,0,0,0,0,0,0,0,0,0,0,91,73,132
0,0,0,0,0,0,0,0,0,0,0,0,0,0,0,0,0,0,0,0,0,0,0,0,0,0,0,0,0,0,0,0,0,0,0,0,0,0,0,0,0,0,0,0,0,0,0,0,0,0,0,0,0,0,0,0,0,0,0,0,0,0,0,0,0,0,0,0,0,0,0,0,0,0,0,0,0,0,0,0,0,0,0,0,0,0,0,0,0,0,0,0,0,0,0,0,0,0,210,134
0,0,0,0,0,0,0,0,0,0,0,0,0,0,0,0,0,0,0,0,0,0,0,0,0,0,0,0,0,0,0,0,0,0,0,0,0,0,0,0,0,0,0,0,0,0,0,0,0,0,0,0,0,0,0,0,0,0,0,0,0,0,0,0,0,0,0,0,0,0,0,0,0,0,0,0,0,0,0,0,0,0,0,0,0,0,0,0,0,0,0,0,0,0,0,0,0,0,0,162
