30.8731799806867,0,0,0,0,0,0,0,0,0,0,0,0,66.7811880111694,0,0,33.7085151672363,0,0,0,124.660552978516,0,0,0,127.688995361328,0,80.6584281921387,0,122.747840881348,116.744911193848,0,0,0,0,108.897636413574,0,65.365348815918,0,0,0,90.0317077636719,0,0,0,41.4061126708984,53.053243637085,50.839016020298,0,0,117.878910064697,0,0,126.779556274414,0,0,0,0,54.2928053538005,0,0,0,0,0,114.908058166504,0,146.559906005859,0,0,0,0,47.5233819961548,0,0,0,117.910003662109,0,0,0,0,0,0,0,189.066925048828,0,0,0,0,44.0369472503662,0,135.818293253581,104.013729095459,0,0,0,150.556594848633,0,0,0,0,0
0,52.2350630326705,0,91.6049861907959,108.886375427246,115.372676849365,0,0,82.1654579162598,0,0,40.5879271371024,182.977783203125,0,0,0,67.8189754486084,35.6285572052002,0,0,123.577369689941,77.2577056884766,121.04437383016,0,174.204238891602,0,163.345825195312,0,0,0,0,0,0,0,123.829109191895,66.4895008632115,105.755995432536,57.4277572631836,0,102.56258392334,109.824241638184,79.3010101318359,195.030975341797,0,91.2375183105469,67.7651596069336,93.9961115519206,0,0,0,0,47.8418935139974,158.173553466797,0,39.4319295883179,0,0,47.8712882995605,0,0,0,138.627059936523,0,89.8802591051374,0,0,0,0,0,0,66.7887598673503,0,0,0,0,0,0,193.701377868652,0,145.341064453125,0,0,73.7185134887695,0,0,0,0,0,0,0,92.5399013095432,0,0,99.165153503418,73.9436594645182,0,99.0872039794922,99.2227035522461,156.552627563477,113.502993265788
0,0,28.4896185398102,0,0,0,72.4113845825195,0,69.8040733337402,0,0,0,167.256912231445,0,0,0,0,0,0,53.5054222742716,0,0,0,0,0,0,0,39.1306495666504,0,0,129.609313964844,0,33.6613578796387,0,0,0,0,0,45.5213768005371,0,0,0,0,67.3625920613607,0,0,0,0,0,0,0,76.2833557128906,0,0,0,0,19.8172798156738,0,0,0,0,92.1240158081055,0,187.017517089844,0,0,0,0,0,0,0,95.011848449707,0,0,0,0,0,62.7633327484131,44.0667362213135,0,0,0,0,0,0,74.1718597412109,0,0,0,0,0,0,0,0,105.956123352051,0,0,0,0,0
0,0,0,22.6528120040894,0,0,0,198.810211181641,0,0,166.183544158936,90.6581535339355,0,59.3973236083984,0,0,104.402760823568,84.906810760498,0,0,120.017259870257,123.324217796326,0,0,112.991775512695,0,0,0,198.962997436523,153.884563446045,0,198.599533081055,0,78.4543555123465,0,137.530883789062,119.807874679565,139.571228027344,0,80.5326588948568,81.6494178771973,162.323532104492,0,105.94921875,0,0,51.4982318878174,0,0,0,0,0,0,0,0,0,198.616928100586,131.656697591146,0,0,0,97.1131973266602,0,90.5607118606567,0,149.081336975098,0,0,147.404620361328,189.933944702148,96.0198135375977,0,0,0,0,146.773361206055,0,0,0,178.129287719727,0,0,147.692095438639,0,0,0,0,76.25315284729,0,188.952041625977,40.3277877171834,173.477462768555,166.540084838867,0,0,0,43.9467479705811,0,0,0
0,0,0,0,34.6923711483295,0,0,0,0,100.541837692261,114.861534118652,51.9216766357422,0,0,36.3508866628011,0,0,0,0,0,0,132.143981933594,0,0,0,0,68.2836532592773,0,0,0,0,0,0,0,0,87.5506046840123,0,41.8889090220133,0,0,0,0,0,0,0,0,0,0,0,0,0,0,27.0094618797302,0,0,131.738082885742,0,0,47.0214185714722,0,0,0,0,105.4013671875,0,0,67.2674713134766,112.806549072266,0,0,0,0,0,0,48.5174398422241,174.424616495768,0,0,0,0,104.617738723755,198.511489868164,70.6603608131409,0,145.012351989746,0,29.5176013946533,0,0,117.875602722168,0,170.191848754883,98.9346542358398,0,0,0,0,0,0,0
0,0,0,0,0,49.5925473107232,0,0,42.4851386547089,0,0,0,0,0,0,0,119.290565490723,79.5783345358712,0,0,0,150.528396606445,44.3355233119084,0,0,84.227897644043,0,0,89.069938659668,0,0,0,0,0,0,0,0,0,66.3331069946289,100.419639587402,0,0,168.397583007812,180.186599731445,0,0,99.9613647460938,0,0,0,0,0,0,0,32.7146091461182,0,0,0,0,0,0,0,0,0,0,0,0,0,0,0,0,50.3007234226574,0,0,0,121.49956703186,0,0,0,177.997024536133,0,0,0,0,0,66.2862865447998,0,0,0,0,0,192.226593017578,0,93.3766174316406,0,0,178.238471984863,74.5053836277553,97.930103302002,94.0164489746094
0,0,0,0,0,0,30.3694163428413,27.3981084823608,131.599227905273,0,0,105.956367492676,0,0,0,0,0,0,100.979166030884,45.2779951095581,175.369781494141,171.108947753906,0,56.3192954063416,0,0,0,0,0,198.690093994141,0,37.1590423583984,0,0,0,0,0,0,0,0,0,80.9482707977295,77.315299987793,0,0,0,0,0,0,0,0,0,0,47.7837615966797,0,0,61.7112108866374,0,0,0,0,0,28.0128656114851,0,124.903427124023,0,0,0,0,0,0,0,0,97.8378829956055,192.237854003906,0,20.2914633750916,0,116.895500183105,0,0,20.1587257385254,0,0,0,0,0,0,39.5719375610352,0,0,0,70.3356437683105,0,0,42.6434097290039,0,0,0,0
0,0,0,0,0,0,0,46.0867476993137,0,93.3845443725586,0,102.9875831604,0,0,0,74.436237970988,0,0,26.2552909851074,23.9057535443987,0,0,0,60.8682250976562,0,33.6978635787964,0,0,0,0,38.5765438079834,44.2642841339111,42.768260383606,0,0,0,0,82.1581726074219,0,0,0,53.8103396097819,74.3944326547476,75.7095756530762,0,0,0,0,0,0,0,83.129020690918,0,40.4697585105896,0,0,0,0,0,0,56.9330318995884,0,38.2512054443359,80.8568623860677,65.3404006958008,0,0,0,0,0,0,0,21.7500228881836,37.6963653564453,0,0,69.6342163085938,26.7603381474813,48.1898663838704,0,0,35.2954800923665,0,0,0,0,0,0,54.3689842224121,0,0,0,29.6970017751058,0,175.129150390625,33.2776432037354,0,0,0,0
0,0,0,0,0,0,0,0,10.9376840591431,190.106979370117,0,0,0,0,0,0,56.0023055076599,41.3718233108521,0,82.1530914306641,0,0,85.1724472045898,0,0,135.589385986328,0,50.6608390808105,0,0,0,0,52.5080623626709,186.057739257812,0,54.4669647216797,0,0,0,115.834098815918,0,0,180.114715576172,137.569625854492,0,0,0,0,0,0,0,21.3096947669983,0,0,17.0078639984131,0,0,65.3491287231445,0,195.001846313477,0,0,0,68.4291458129883,0,0,0,0,0,0,0,30.0472619533539,113.83521270752,0,0,114.922080993652,0,89.102912902832,0,0,0,0,0,0,0,41.5380859375,0,0,0,0,0,0,154.506988525391,90.046028137207,40.9456113179525,130.529434204102,0,82.6137199401855,102.498809814453,0
0,0,0,0,0,0,0,0,0,11.8966159820557,0,81.6587295532227,106.952911376953,199.172424316406,189.034378051758,76.3750534057617,0,0,0,0,154.299411773682,108.64889272054,0,0,0,103.034706115723,0,0,0,0,0,0,0,0,0,0,0,47.549808883667,0,0,0,0,82.151554107666,0,0,0,0,0,186.282745361328,0,0,179.189529418945,0,0,0,0,0,0,197.079162597656,110.002700805664,141.489837646484,0,99.0341262817383,0,0,92.1514282226562,0,0,0,111.79239654541,0,0,0,0,0,0,107.488632202148,135.620021820068,0,189.963165283203,0,110.991195678711,55.5147514343262,0,0,0,0,0,0,0,0,113.883148193359,91.6249008178711,0,0,0,0,188.921630859375,0,0
0,0,0,0,0,0,0,0,0,0,37.8697178023202,109.361953735352,0,0,0,0,0,0,0,0,46.0219745635986,95.0357500712077,0,190.135238647461,88.4394416809082,0,156.229782104492,0,0,53.2260433645809,0,0,0,113.818962097168,96.0715103149414,0,0,104.054702758789,0,0,38.6952819824219,147.091251373291,0,0,0,0,133.661449432373,0,0,0,165.240509033203,0,0,0,0,0,0,149.505096435547,0,0,0,0,0,78.1764450073242,0,89.2078170776367,76.5898920694987,0,61.7475433349609,95.9599533081055,0,0,0,0,157.249359130859,0,0,0,0,0,130.625747680664,0,91.6381397247314,0,0,0,86.1133041381836,0,0,0,118.80281829834,77.7149448394775,0,0,0,0,0,0,0,0
0,0,0,0,0,0,0,0,0,0,0,38.2973133087158,147.522109985352,102.912117004395,65.7945327758789,104.849914550781,114.738586425781,64.9027729034424,0,0,130.681915283203,120.821245193481,124.296023050944,89.1448440551758,109.805595397949,71.3327331542969,20.8153285980225,149.522094726562,0,124.690082550049,0,42.6298484802246,0,0,0,66.4484024047852,124.675186157227,49.2872957229614,0,0,58.3565902709961,91.7961759567261,0,113.193603515625,0,0,188.940048217773,0,0,77.6865081787109,0,55.4528617858887,0,166.213409423828,60.3797006607056,56.4238410949707,144.41561126709,88.1589603424072,143.406997680664,0,152.664535522461,0,0,55.4616634368897,0,103.966239929199,0,0,135.602279663086,127.648048400879,0,0,0,77.228401184082,58.6832280840193,121.729347229004,0,0,107.050819396973,154.755142211914,116.910194396973,0,41.9081179300944,77.9542643229167,0,0,41.6228790283203,97.9613723754883,121.561904907227,0,132.673442840576,146.664352416992,57.1429697672526,0,52.860990524292,0,137.954692840576,0,0,0
0,0,0,0,0,0,0,0,0,0,0,0,36.5976032930262,0,0,0,0,0,0,0,0,0,0,0,0,99.8256225585938,0,0,0,0,71.8992335001628,66.5331245422363,0,0,0,0,0,0,0,0,0,0,109.962539672852,0,0,0,170.222747802734,0,0,0,57.9941473007202,0,0,87.1461486816406,0,0,0,0,0,0,62.9990671597994,0,0,130.895969390869,0,0,0,0,0,50.2898047765096,0,195.843734741211,0,0,198.43000793457,70.1175773018285,59.980293567364,96.2262735366821,0,61.0878461201986,0,51.1073716481527,124.257358551025,0,136.523899078369,0,0,0,126.690269470215,0,0,86.099360148112,131.700012207031,0,191.046127319336,162.389984130859,0,0,0,0
0,0,0,0,0,0,0,0,0,0,0,0,0,39.6840516140586,0,0,78.1879959106445,0,0,0,105.308612823486,0,0,0,0,131.740173339844,50.1158132553101,0,189.276931762695,156.400924682617,0,0,0,88.0451812744141,137.616178512573,0,0,71.2957763671875,0,0,84.3104541778564,0,0,0,42.7635603427887,75.483250617981,50.3754746363713,0,0,111.737571716309,0,0,123.145278930664,0,0,20.754017829895,0,88.0914688110352,131.472427368164,0,0,0,0,0,0,157.688812255859,0,0,0,0,80.7075500488281,0,0,0,0,0,0,0,0,173.069747924805,0,0,118.853225708008,0,0,0,0,0,0,105.841725349426,58.1853260993958,0,0,0,0,0,174.809509277344,0,0,0
0,0,0,0,0,0,0,0,0,0,0,0,0,0,26.5815207799276,198.663452148438,0,0,0,0,0,0,0,0,131.723739624023,0,69.228816986084,0,0,168.251754760742,0,0,0,0,91.5830612182617,94.5906007554796,0,58.7088079452515,0,0,75.2149810791016,0,0,0,120.812000274658,119.681217956543,0,0,37.1834084647042,33.0933974129813,156.357528686523,0,51.0741723133967,0,0,115.469351768494,0,122.74151357015,57.1925258636475,0,0,0,0,94.0684356689453,0,90.1885147094727,0,0,0,0,0,0,0,0,56.9623889923096,0,0,0,0,0,0,0,72.6427122751872,0,0,0,0,0,0,75.2564086914062,0,184.100204467773,0,0,0,0,0,0,0,0
0,0,0,0,0,0,0,0,0,0,0,0,0,0,0,63.0889449119568,0,0,0,88.1455783843994,0,165.258277893066,0,0,107.966079711914,0,0,0,0,0,0,0,78.2400054931641,0,0,0,0,0,0,0,0,106.873382568359,45.7639300273015,0,0,0,0,0,0,0,69.313763724433,0,0,18.8403663635254,0,0,0,0,139.60075378418,76.243537902832,85.8222211201986,0,54.4835109710693,125.021814982096,0,0,89.2476641337077,0,0,0,0,0,0,0,0,124.515480041504,67.442280292511,0,170.204315185547,140.983913421631,68.245922088623,89.586633682251,134.005140686035,0,40.5897795359294,0,0,0,56.9198780059814,0,0,0,38.606201171875,0,0,0,0,0,0,0
0,0,0,0,0,0,0,0,0,0,0,0,0,0,0,0,31.8208660888672,61.9247620526482,0,0,0,0,31.2940044403076,0,163.362457275391,0,0,0,0,0,0,0,0,0,0,132.673431396484,54.9527604956376,0,0,112.929697990417,0,0,0,0,147.342956542969,0,93.0190767560686,0,0,0,0,0,0,0,68.780158996582,155.387069702148,0,58.926525592804,0,0,0,95.8966941833496,0,94.5059356689453,0,0,0,0,0,0,87.3241438865662,0,0,0,0,0,0,0,0,0,0,0,0,0,0,0,0,68.2311267852783,0,0,90.3008969624837,0,198.644104003906,0,0,0,107.889030456543,84.1330089569092,0,77.9406208462185
0,0,0,0,0,0,0,0,0,0,0,0,0,0,0,0,0,26.5202185085842,0,0,0,0,63.339123065655,0,0,0,0,91.0623245239258,0,0,0,0,0,0,0,135.619232177734,137.288604736328,0,0,75.220935344696,0,0,0,106.857727050781,0,0,114.18000793457,0,0,0,0,43.9157606760661,0,0,48.7676362991333,0,0,82.4577140808105,0,0,0,0,0,73.7510261535645,0,0,0,0,0,0,99.0519714355469,95.9300816853841,177.202262878418,0,0,188.167068481445,0,0,0,0,0,0,198.43913269043,0,0,70.5168952941895,0,0,0,0,85.6464538574219,0,0,91.5482635498047,165.316787719727,0,0,70.851929473877,125.678682963053,93.4567249843052
0,0,0,0,0,0,0,0,0,0,0,0,0,0,0,0,0,0,44.5602798461914,52.8321202596029,0,0,0,0,0,0,0,118.815254211426,0,0,0,60.8623886108398,54.4997825622559,0,0,0,0,0,0,0,0,88.223991394043,108.543067932129,62.3723812103271,0,0,0,63.1634540557861,0,0,0,93.0360107421875,0,0,0,0,27.0986899462613,0,0,0,0,0,46.6265144348145,0,45.6103706359863,0,0,29.2457962036133,0,0,0,0,0,0,0,0,0,0,60.364803314209,0,0,0,0,43.5775375366211,0,0,0,0,0,0,0,0,96.0710220336914,0,97.9658622741699,60.9689083099365,0,0,0,0
0,0,0,0,0,0,0,0,0,0,0,0,0,0,0,0,0,0,0,22.8015609468733,0,0,0,0,0,75.0608348846436,0,59.7351392110189,0,0,0,122.230354309082,0,0,0,0,0,112.002914428711,184.059829711914,0,0,0,109.40877532959,92.5256618923611,0,0,0,0,0,0,0,107.628612518311,0,75.7370452880859,0,0,0,0,0,0,49.7575391133626,0,0,84.166597366333,0,0,0,0,0,0,0,0,0,0,0,0,56.995280456543,47.649815423148,49.4733428955078,0,0,25.4936135155814,0,0,0,0,0,0,66.3921051025391,0,0,0,93.0545959472656,0,104.049560546875,0,0,0,0,0
0,0,0,0,0,0,0,0,0,0,0,0,0,0,0,0,0,0,0,0,24.095275481542,117.08225886027,0,0,85.072437286377,173.367279052734,110.436603546143,0,136.580654144287,49.2325222492218,198.847610473633,0,0,85.5546539851597,109.219647979736,0,0,110.88631439209,0,155.295852661133,48.0184747695923,0,151.973205566406,0,112.313102722168,143.564743041992,122.526498158773,0,0,47.514591217041,182.893295288086,0,0,0,0,0,0,198.688491821289,187.824966430664,112.739063262939,0,0,0,96.9866828918457,0,88.3335090637207,0,0,80.2999447413853,0,125.385693868001,0,0,0,0,0,0,0,0,127.645706176758,0,0,86.7824128468831,0,0,0,0,198.633911132812,0,34.5948638916016,123.639527320862,135.221431732178,120.274227142334,0,0,0,117.714393615723,0,0,0
0,0,0,0,0,0,0,0,0,0,0,0,0,0,0,0,0,0,0,0,0,44.5636926997792,159.394378662109,0,133.60530090332,0,0,198.571228027344,94.4698181152344,105.241958618164,0,0,0,81.9782527576793,0,155.351943969727,198.575790405273,122.93104095459,0,172.600868225098,91.2420761108398,151.53955078125,0,0,0,0,0,0,0,0,87.759646097819,0,170.982269287109,112.849540710449,0,0,0,174.241226196289,0,170.158988952637,0,0,178.26496887207,123.566387939453,0,108.181475321452,93.5144729614258,193.051483154297,80.8597685496012,0,124.947738647461,0,107.859405517578,0,0,47.5409922599792,0,0,0,100.84917640686,103.444881439209,0,104.220795525445,0,0,0,144.349685668945,0,0,135.591781616211,130.259354727609,54.9479392369588,100.977027893066,0,142.429885864258,0,111.208239642057,0,0,0
0,0,0,0,0,0,0,0,0,0,0,0,0,0,0,0,0,0,0,0,0,0,40.5930123329163,0,0,68.345588684082,0,0,0,0,0,0,0,0,179.193420410156,89.0329971313477,82.8472461700439,198.752593994141,47.4911422729492,85.1626129150391,0,0,0,0,135.661544799805,0,0,0,0,0,0,0,0,0,107.46802520752,0,0,0,0,0,0,99.9088745117188,0,78.2162475585938,0,0,0,0,0,0,0,74.2322883605957,96.8819580078125,0,0,151.421610514323,0,0,0,120.108934402466,0,0,0,0,0,79.2116737365723,0,64.3820877075195,0,0,96.6805241902669,0,0,0,114.374638875326,0,108.878549194336,54.2509288787842,160.233215332031,98.2613531748454
0,0,0,0,0,0,0,0,0,0,0,0,0,0,0,0,0,0,0,0,0,0,0,29.8278769387139,0,0,0,0,0,0,0,58.4756240844727,0,0,0,0,0,0,0,0,0,70.5873800913493,0,0,0,0,0,148.947292327881,0,0,0,0,0,87.1912231445312,0,0,0,0,0,0,0,0,24.7513360977173,0,117.999977111816,0,0,81.5881436665853,0,0,0,0,0,47.9489191770554,0,0,0,0,64.4752807617188,0,0,0,0,97.6723505655925,0,0,0,0,18.3488683700562,0,0,0,64.7105356852214,0,0,29.6942939758301,0,0,0,0
0,0,0,0,0,0,0,0,0,0,0,0,0,0,0,0,0,0,0,0,0,0,0,0,36.9517749945323,0,0,0,0,55.7513777414958,0,0,0,0,0,0,0,116.680137634277,0,0,0,0,0,0,0,0,136.538745880127,0,0,0,62.9976094563802,0,91.9432525634766,0,0,0,0,0,114.882316589355,88.6507148742676,0,0,0,0,0,83.5190740312849,41.0977554321289,0,40.9568770582026,71.5778215196398,0,0,0,0,0,114.399137878418,0,0,0,114.703750610352,39.8794825077057,0,77.5008758544922,0,95.0708847045898,0,113.020477294922,0,0,0,157.887756347656,73.1615246859464,141.413669586182,0,0,0,0,0,0,0
0,0,0,0,0,0,0,0,0,0,0,0,0,0,0,0,0,0,0,0,0,0,0,0,0,30.1266622543335,0,75.6705875396729,0,0,55.2951853615897,42.5678844451904,23.0971927642822,0,0,0,0,98.0429840087891,62.2144268580845,0,0,0,93.0780944824219,56.8527694702148,0,0,0,0,0,0,0,0,0,0,112.924057006836,0,0,0,0,0,62.4997892379761,0,0,48.3122299857762,0,0,0,0,0,0,0,102.916399637858,44.8108203411102,0,0,81.5124142964681,181.129150390625,58.2981325232464,31.6801605224609,0,0,0,0,0,0,0,0,0,0,0,0,0,0,123.143260955811,99.9679527282715,59.4637985229492,109.93815612793,121.801612854004,55.7527745564779,0
0,0,0,0,0,0,0,0,0,0,0,0,0,0,0,0,0,0,0,0,0,0,0,0,0,0,18.6027531094021,0,87.179988861084,129.685089111328,0,0,0,63.2463524341583,113.463925170898,0,0,153.433563232422,0,198.799468994141,64.8115070660909,0,0,0,44.85400390625,57.535572052002,0,0,0,54.5573711395264,0,0,120.413749694824,0,0,57.8838138580322,0,97.4428558349609,140.558006286621,0,0,0,0,0,0,81.1373977661133,0,0,121.771583557129,0,0,0,0,0,67.3603744506836,0,0,0,0,65.3186492919922,0,0,0,0,0,0,0,0,0,75.790181350708,18.7570819854736,0,0,0,0,0,96.031494140625,0,0,142.56413269043
0,0,0,0,0,0,0,0,0,0,0,0,0,0,0,0,0,0,0,0,0,0,0,0,0,0,0,33.1469260851542,0,0,0,0,29.7164363861084,0,0,0,0,0,65.2007243114969,0,0,0,171.342041015625,47.1675312335675,0,0,0,0,0,0,0,0,0,0,0,0,36.5581684112549,0,0,0,74.7441635131836,0,0,80.1375274658203,19.8930397033691,0,0,0,0,0,0,43.4174069624681,0,0,0,0,0,70.7844896316528,0,0,0,0,0,0,0,115.637813568115,0,0,0,0,0,0,0,34.5387842390272,103.742156982422,0,0,0,117.700243631999,176.226379394531
0,0,0,0,0,0,0,0,0,0,0,0,0,0,0,0,0,0,0,0,0,0,0,0,0,0,0,0,63.4127948284149,0,99.7870279947917,198.524490356445,0,60.4816794762245,0,0,112.89241027832,128.509963989258,0,54.4254163106283,66.6523475646973,0,0,0,0,142.675216674805,0,0,0,0,0,0,0,0,0,0,0,0,0,0,122.784080505371,0,0,81.2426528930664,0,0,0,0,0,0,138.555755615234,0,44.7061735788981,0,0,120.698152923584,0,0,0,73.8146112442017,0,0,0,0,0,0,0,0,0,111.926666259766,75.199836730957,109.767677307129,0,0,0,0,71.8867215243253,91.121208190918,198.641098022461,93.0699920654297
0,0,0,0,0,0,0,0,0,0,0,0,0,0,0,0,0,0,0,0,0,0,0,0,0,0,0,0,0,45.6593099321638,0,0,0,0,63.7348418916975,165.895652770996,0,0,0,163.200836181641,166.111785888672,0,0,0,0,0,118.758033752441,0,0,0,113.854095458984,0,43.6393966674805,0,0,0,0,0,114.277683258057,0,147.502899169922,0,0,0,0,49.6686454772949,162.196548461914,0,66.5998110337691,90.3932364327567,123.621604919434,0,198.690414428711,0,0,127.662506103516,0,0,0,0,137.670700073242,0,69.272029876709,0,0,0,0,191.076812744141,0,73.631714630127,128.200005849202,63.3734455108643,0,0,0,0,0,0,0,0
0,0,0,0,0,0,0,0,0,0,0,0,0,0,0,0,0,0,0,0,0,0,0,0,0,0,0,0,0,0,17.5064833958944,0,0,0,0,0,0,0,26.7384719848633,0,0,0,155.521896362305,115.802978515625,0,0,198.526000976562,0,0,0,0,192.06689453125,0,0,0,0,0,0,0,0,35.9949245452881,0,0,53.1195131937663,0,0,0,0,0,0,0,0,54.0018749237061,0,0,74.6349667140416,0,67.5893948872884,0,112.279781341553,0,0,0,0,0,86.9934005737305,0,0,0,0,0,0,0,114.82592010498,108.836753845215,0,135.458709716797,119.651779174805,87.1066131591797,0
0,0,0,0,0,0,0,0,0,0,0,0,0,0,0,0,0,0,0,0,0,0,0,0,0,0,0,0,0,0,0,38.7765385309855,59.7842330932617,0,0,123.666366577148,0,41.6195640563965,0,0,161.257232666016,44.7917387220595,116.780197143555,63.250301361084,0,0,0,0,0,0,163.409545898438,0,0,47.1340885162354,0,0,0,133.781692504883,198.672988891602,0,60.00777759552,0,84.2004165649414,73.3922981262207,0,0,0,35.7124977111816,110.894058227539,0,158.312232971191,0,40.6051054000854,37.9770755767822,0,92.4222005208333,0,87.1161060333252,0,74.1677627563477,0,0,98.1965255737305,23.7562313079834,0,0,0,124.75675201416,0,0,0,0,26.3328616493627,0,98.1023864746094,43.543462117513,168.408340454102,0,0,0
0,0,0,0,0,0,0,0,0,0,0,0,0,0,0,0,0,0,0,0,0,0,0,0,0,0,0,0,0,0,0,0,28.0171857561384,0,0,0,0,120.896278381348,0,0,0,69.8760976791382,96.99351755778,57.9617300033569,0,0,0,0,0,0,0,59.4089965820312,0,96.0866508483887,0,0,24.1733678817749,0,0,0,0,0,0,39.5947897774833,0,0,0,0,0,0,0,0,0,18.8094043731689,0,121.820533752441,111.868637084961,83.1812438964844,46.26343529041,0,0,0,0,0,0,0,0,0,126.696434020996,0,0,0,100.02368927002,0,70.9106819152832,50.5137672424316,0,0,0,0
0,0,0,0,0,0,0,0,0,0,0,0,0,0,0,0,0,0,0,0,0,0,0,0,0,0,0,0,0,0,0,0,0,38.228388428688,0,0,0,0,0,149.797915140788,50.0897515370296,0,0,0,74.2646942138672,0,143.896160125732,0,0,152.688125610352,0,0,75.1702651977539,0,0,118.869140625,0,0,0,0,0,164.439422607422,0,144.610687255859,0,106.833801269531,0,0,194.017837524414,0,0,0,49.8214364051819,0,85.1985778808594,71.2644907633464,128.689544677734,0,0,73.6655439649309,0,0,0,0,0,0,0,0,0,0,110.492509078979,98.5295219421387,0,0,0,0,81.1648852484567,0,0,141.037788391113
0,0,0,0,0,0,0,0,0,0,0,0,0,0,0,0,0,0,0,0,0,0,0,0,0,0,0,0,0,0,0,0,0,0,45.384970925071,120.837455749512,0,0,0,0,76.0608825683594,0,147.642639160156,0,126.896415710449,119.527326965332,0,0,41.8485706874302,67.7774085998535,0,0,53.20754637037,0,0,0,0,115.967041015625,88.0801696777344,0,0,0,0,127.110328674316,0,0,0,0,0,0,135.799179077148,0,0,0,0,0,0,0,0,0,0,0,76.5785268147786,0,0,0,0,0,0,55.0236789915297,120.240013122559,0,0,0,0,0,198.583129882812,0,0,198.97802734375
0,0,0,0,0,0,0,0,0,0,0,0,0,0,0,0,0,0,0,0,0,0,0,0,0,0,0,0,0,0,0,0,0,0,0,44.5395593643188,0,29.4559471607208,0,0,100.972854614258,96.0052337646484,0,0,113.885299682617,150.474075317383,116.894729614258,0,114.813865661621,116.793420791626,0,62.4196357727051,139.178771972656,0,0,63.1562008857727,0,44.8781112035116,118.909423828125,0,0,0,0,92.5592943827311,0,0,0,0,133.680572509766,0,0,0,0,0,99.3746997197469,0,0,0,0,0,0,0,118.668090820312,140.539428710938,0,0,0,0,0,0,147.609664916992,0,140.529350280762,0,151.403411865234,0,0,0,0,0
0,0,0,0,0,0,0,0,0,0,0,0,0,0,0,0,0,0,0,0,0,0,0,0,0,0,0,0,0,0,0,0,0,0,0,0,42.8179170435125,0,0,66.5920651753743,0,0,0,0,147.627166748047,0,102.91064453125,0,0,0,0,108.86589050293,0,198.552337646484,0,0,0,0,0,0,0,70.7673540115356,0,89.7632293701172,0,0,0,0,0,0,69.3963200705392,0,0,0,0,0,0,0,0,0,0,0,0,0,0,0,0,102.084365081787,0,0,80.1608708699544,0,0,117.776550292969,0,0,0,57.9024591445923,98.0319595336914,88.1163071526422
0,0,0,0,0,0,0,0,0,0,0,0,0,0,0,0,0,0,0,0,0,0,0,0,0,0,0,0,0,0,0,0,0,0,0,0,0,26.0614498456319,0,170.397323608398,63.3296165466309,30.1994638442993,0,0,0,0,191.169357299805,0,0,86.0778656005859,98.1490325927734,64.3605359395345,0,0,0,63.8508625030518,0,68.76100730896,44.5713291168213,0,102.986663818359,0,101.965549468994,115.610637664795,0,100.961441040039,58.2298049926758,0,0,0,0,0,0,0,54.4358204205831,198.727279663086,89.8301868438721,88.0851821899414,0,160.414031982422,49.4826736450195,0,66.6676689783732,0,149.430419921875,0,31.510252571106,0,99.0848159790039,0,154.360168457031,0,32.6688454151154,0,65.1429420471191,49.4932289123535,122.754287719727,0,0,0
0,0,0,0,0,0,0,0,0,0,0,0,0,0,0,0,0,0,0,0,0,0,0,0,0,0,0,0,0,0,0,0,0,0,0,0,0,0,38.5379739488874,0,0,0,0,0,0,0,0,0,0,0,0,0,0,0,0,166.356079101562,0,0,0,0,0,61.4304161071777,0,93.698844909668,0,0,0,0,0,0,0,65.330207824707,0,0,0,103.938028971354,160.290237426758,62.1396899753147,0,0,0,0,0,0,0,77.1990737915039,0,0,0,0,0,0,127.710960388184,46.670443759245,89.1625823974609,0,89.062385559082,99.0474624633789,62.2512784957886,128.233360290527
0,0,0,0,0,0,0,0,0,0,0,0,0,0,0,0,0,0,0,0,0,0,0,0,0,0,0,0,0,0,0,0,0,0,0,0,0,0,0,67.2678419113159,195.924896240234,0,0,104.933586120605,0,0,83.1827570597331,0,0,0,171.700752258301,0,0,0,134.598297119141,0,0,134.032831827799,0,0,0,139.549880981445,0,90.1061416625977,0,0,0,0,0,0,119.411186218262,0,94.512077331543,0,0,128.644724527995,0,0,0,88.1637191772461,0,0,0,0,0,0,0,83.6139163970947,0,0,59.3804300626119,0,0,0,100.457015991211,0,66.4139238704335,95.578130086263,45.7004842758179,79.0192063649495
0,0,0,0,0,0,0,0,0,0,0,0,0,0,0,0,0,0,0,0,0,0,0,0,0,0,0,0,0,0,0,0,0,0,0,0,0,0,0,0,33.3776032129923,0,0,0,161.260971069336,131.628158569336,104.967021942139,0,63.3483200073242,71.8390616416931,0,0,75.7274780273438,0,0,80.1334228515625,0,106.702682495117,155.454650878906,198.737243652344,176.286636352539,0,0,116.706382751465,0,138.243184407552,0,0,0,0,127.171676635742,0,77.161735534668,0,81.9926865895589,116.369689941406,0,0,0,100.893287658691,0,121.88655090332,130.106503804525,0,0,0,0,0,0,60.2748124599457,0,0,0,0,145.06046295166,0,88.1019515991211,0,0,0
0,0,0,0,0,0,0,0,0,0,0,0,0,0,0,0,0,0,0,0,0,0,0,0,0,0,0,0,0,0,0,0,0,0,0,0,0,0,0,0,0,40.7944570268903,142.578247070312,92.1501770019531,0,0,0,51.0116157531738,0,0,0,0,0,62.7767613728841,0,0,68.9942410786947,0,0,0,0,0,78.1710433959961,81.28173828125,65.9282569885254,0,0,44.8777119772775,0,0,198.625991821289,0,0,44.4628019332886,0,0,0,0,73.2232543945313,0,0,0,0,66.1068998064314,0,0,0,0,0,0,119.828910827637,0,24.3793389456613,0,39.6293573379517,85.1985836029053,0,0,0,0
0,0,0,0,0,0,0,0,0,0,0,0,0,0,0,0,0,0,0,0,0,0,0,0,0,0,0,0,0,0,0,0,0,0,0,0,0,0,0,0,0,0,36.2464402914047,149.061763763428,0,0,0,0,0,162.476959228516,102.55445098877,163.364883422852,0,54.8240235646566,174.248260498047,0,0,0,0,27.2110319137573,136.36840057373,0,66.2983207702637,122.766098022461,0,0,96.5967674255371,0,0,0,0,170.122299194336,143.612976074219,0,0,112.828723907471,77.2783983018663,82.6357688903809,121.333229064941,0,54.4772415161133,87.8811370849609,85.209467569987,0,77.54833984375,0,0,0,59.9401168823242,164.946395874023,0,0,34.6666717529297,0,0,33.2065162658691,0,0,0,0
0,0,0,0,0,0,0,0,0,0,0,0,0,0,0,0,0,0,0,0,0,0,0,0,0,0,0,0,0,0,0,0,0,0,0,0,0,0,0,0,0,0,0,47.0164241790771,0,0,0,0,0,0,0,0,0,112.333694458008,0,0,48.1790784200033,0,0,0,0,0,0,34.6539517811366,13.9193773269653,0,0,0,0,0,0,25.0704174041748,0,0,0,0,0,121.803136189779,33.4807299296061,0,0,127.747150421143,0,50.4202156066895,0,0,0,0,0,0,0,0,96.390141805013,63.246488571167,30.3211250305176,0,0,0,114.81827545166,0
0,0,0,0,0,0,0,0,0,0,0,0,0,0,0,0,0,0,0,0,0,0,0,0,0,0,0,0,0,0,0,0,0,0,0,0,0,0,0,0,0,0,0,0,36.6590237379074,38.9557190395537,40.6047210693359,0,107.905731201172,140.539161682129,0,0,108.957473754883,0,0,33.8382472991943,0,68.3296051025391,0,0,0,135.696594238281,0,128.234302520752,0,0,0,0,0,0,0,0,0,0,119.468742370605,0,0,0,0,0,0,0,132.619094848633,0,0,0,0,0,0,115.022241210937,95.8960113525391,198.564666748047,0,0,0,0,145.529495239258,0,0,0
0,0,0,0,0,0,0,0,0,0,0,0,0,0,0,0,0,0,0,0,0,0,0,0,0,0,0,0,0,0,0,0,0,0,0,0,0,0,0,0,0,0,0,0,0,20.851791269639,0,0,114.835352579753,113.803825378418,0,0,124.91629486084,0,0,0,0,26.597106388637,134.35698445638,0,0,0,0,96.7464942932129,0,198.409194946289,172.266479492188,0,0,0,0,0,0,0,138.868542989095,0,0,0,0,0,0,0,127.91284942627,0,0,0,0,0,0,118.068356831868,0,0,0,0,0,0,0,0,0,0
0,0,0,0,0,0,0,0,0,0,0,0,0,0,0,0,0,0,0,0,0,0,0,0,0,0,0,0,0,0,0,0,0,0,0,0,0,0,0,0,0,0,0,0,0,0,43.4038381576538,0,0,0,0,0,0,0,0,0,186.192794799805,136.856811523438,0,0,0,164.145462036133,0,107.895645141602,0,0,0,0,0,184.845748901367,76.5310712294145,0,0,0,154.597366333008,0,0,0,0,140.516716003418,198.543472290039,0,0,0,0,0,0,56.546972990036,0,130.58821105957,52.1130187988281,0,154.457702636719,0,0,0,121.335098266602,132.710571289062,146.45378112793,107.895156860352
0,0,0,0,0,0,0,0,0,0,0,0,0,0,0,0,0,0,0,0,0,0,0,0,0,0,0,0,0,0,0,0,0,0,0,0,0,0,0,0,0,0,0,0,0,0,0,18.6419165929159,0,0,0,0,0,112.861381530762,0,0,0,0,0,0,0,0,0,0,22.1500091552734,0,0,44.7716259002686,0,0,0,0,0,76.8063430786133,0,0,0,0,0,0,0,0,0,35.3834396663465,0,0,0,0,0,0,0,0,171.284820556641,0,0,0,0,0,0,0
0,0,0,0,0,0,0,0,0,0,0,0,0,0,0,0,0,0,0,0,0,0,0,0,0,0,0,0,0,0,0,0,0,0,0,0,0,0,0,0,0,0,0,0,0,0,0,0,26.5119507653373,37.9845896959305,0,0,51.9630924224854,0,0,92.5879936218262,0,137.390716552734,68.214729309082,0,0,0,0,0,0,0,0,0,0,0,0,0,0,0,32.4021244049072,0,0,0,0,0,0,0,0,0,0,0,0,0,0,39.7548675537109,0,0,0,0,0,0,0,0,0,0
0,0,0,0,0,0,0,0,0,0,0,0,0,0,0,0,0,0,0,0,0,0,0,0,0,0,0,0,0,0,0,0,0,0,0,0,0,0,0,0,0,0,0,0,0,0,0,0,0,39.9619801839193,0,0,88.4126459757487,0,0,73.2470220838274,0,119.311382293701,54.4130859375,0,0,0,0,0,0,0,0,0,0,0,0,0,0,0,55.9600941484625,0,0,0,0,0,0,0,0,0,0,0,0,0,0,61.26065485101,143.555526733398,0,0,0,0,0,110.789024353027,0,0,0
0,0,0,0,0,0,0,0,0,0,0,0,0,0,0,0,0,0,0,0,0,0,0,0,0,0,0,0,0,0,0,0,0,0,0,0,0,0,0,0,0,0,0,0,0,0,0,0,0,0,38.6923487981161,0,0,146.652191162109,0,0,0,0,146.09854888916,0,144.251266479492,0,0,104.006072998047,0,121.774230957031,0,0,0,51.7047982215881,0,0,71.2179565429688,0,0,83.4860644870334,65.8311147689819,0,0,0,35.1092958450317,36.6241416931152,104.903434753418,0,37.0082834788731,0,0,0,46.0053911209106,0,0,80.1564153035482,0,0,0,0,153.484619140625,0,0,0
0,0,0,0,0,0,0,0,0,0,0,0,0,0,0,0,0,0,0,0,0,0,0,0,0,0,0,0,0,0,0,0,0,0,0,0,0,0,0,0,0,0,0,0,0,0,0,0,0,0,0,15.5454603830973,0,0,15.8742802937826,0,0,124.243238449097,0,0,139.085674285889,0,0,59.6639289855957,0,0,0,0,0,0,140.626693725586,0,129.701183319092,0,0,141.577579498291,0,109.414917755127,44.5659523010254,0,0,0,0,0,0,0,0,0,0,0,0,0,0,0,29.0718006557888,0,0,0,0,0
0,0,0,0,0,0,0,0,0,0,0,0,0,0,0,0,0,0,0,0,0,0,0,0,0,0,0,0,0,0,0,0,0,0,0,0,0,0,0,0,0,0,0,0,0,0,0,0,0,0,0,0,35.0999833836275,0,0,128.172904968262,0,152.920715332031,47.6543016433716,0,0,0,0,197.058258056641,0,0,94.025634765625,0,0,123.758766174316,167.543312072754,0,141.476013183594,0,81.1788711547852,185.223739624023,0,0,0,158.331146240234,174.265274047852,0,81.1532974243164,0,198.710662841797,0,0,0,0,84.139705657959,0,105.791946411133,136.870685577393,0,0,198.794342041016,198.640197753906,0,0,0
0,0,0,0,0,0,0,0,0,0,0,0,0,0,0,0,0,0,0,0,0,0,0,0,0,0,0,0,0,0,0,0,0,0,0,0,0,0,0,0,0,0,0,0,0,0,0,0,0,0,0,0,0,15.4630790710449,0,0,110.002979278564,0,0,0,0,0,57.0758902231852,66.3137054443359,129.771591186523,0,0,0,0,0,0,0,0,0,0,0,65.3436889648438,110.945137023926,105.940029144287,0,0,0,0,150.668090820312,0,0,0,0,22.8278980255127,0,0,0,40.7405469076974,0,140.328356424967,28.9248029535467,0,0,0,0
0,0,0,0,0,0,0,0,0,0,0,0,0,0,0,0,0,0,0,0,0,0,0,0,0,0,0,0,0,0,0,0,0,0,0,0,0,0,0,0,0,0,0,0,0,0,0,0,0,0,0,0,0,0,17.3246307373047,0,0,40.5670096079508,0,0,0,0,0,110.810840606689,0,0,0,0,0,0,0,0,0,0,0,0,0,0,0,0,0,0,0,0,0,0,0,0,0,0,136.527908325195,0,0,0,25.0831839243571,0,0,0,0,0
0,0,0,0,0,0,0,0,0,0,0,0,0,0,0,0,0,0,0,0,0,0,0,0,0,0,0,0,0,0,0,0,0,0,0,0,0,0,0,0,0,0,0,0,0,0,0,0,0,0,0,0,0,0,0,30.833075940609,0,49.5636405944824,150.454551696777,0,0,0,0,0,0,0,0,0,0,0,0,0,0,0,103.954486083984,0,0,0,0,0,0,0,0,0,0,0,0,0,0,116.508463541667,0,0,0,0,0,0,0,0,0,0
0,0,0,0,0,0,0,0,0,0,0,0,0,0,0,0,0,0,0,0,0,0,0,0,0,0,0,0,0,0,0,0,0,0,0,0,0,0,0,0,0,0,0,0,0,0,0,0,0,0,0,0,0,0,0,0,20.4217146635056,0,0,0,0,0,59.4453430175781,95.1052932739258,33.99866771698,0,0,66.0730730692546,0,0,0,71.0298328399658,0,57.5350952148438,0,0,0,0,98.5173645019531,0,0,0,126.656311035156,21.8269362449646,0,0,0,0,0,0,0,0,84.2217025756836,0,89.079948425293,89.1449508666992,0,0,0,0
0,0,0,0,0,0,0,0,0,0,0,0,0,0,0,0,0,0,0,0,0,0,0,0,0,0,0,0,0,0,0,0,0,0,0,0,0,0,0,0,0,0,0,0,0,0,0,0,0,0,0,0,0,0,0,0,0,49.0635927518209,144.541107177734,0,0,135.854064941406,0,102.398970286051,0,0,0,0,0,0,100.5015001297,0,0,0,125.082224527995,0,0,193.012161254883,0,160.305068969727,0,0,0,0,0,0,0,0,0,105.00756072998,153.057121276855,0,0,0,135.595710754395,0,0,0,0,168.663414001465
0,0,0,0,0,0,0,0,0,0,0,0,0,0,0,0,0,0,0,0,0,0,0,0,0,0,0,0,0,0,0,0,0,0,0,0,0,0,0,0,0,0,0,0,0,0,0,0,0,0,0,0,0,0,0,0,0,0,22.5030653476715,0,0,0,0,72.2288818359375,0,45.1911697387695,198.819488525391,0,132.652374267578,0,133.609985351562,0,0,0,119.814247131348,0,0,0,0,0,133.102729797363,0,60.6908848102276,0,0,0,0,0,0,119.835231781006,130.136638641357,161.336776733398,147.996810913086,0,0,0,0,0,0,0
0,0,0,0,0,0,0,0,0,0,0,0,0,0,0,0,0,0,0,0,0,0,0,0,0,0,0,0,0,0,0,0,0,0,0,0,0,0,0,0,0,0,0,0,0,0,0,0,0,0,0,0,0,0,0,0,0,0,0,20.8077112833659,105.906471252441,0,0,0,0,21.3119490146637,40.1488519396101,0,0,198.671264648438,0,0,0,0,0,94.0305938720703,107.286026000977,0,0,0,51.2412289210728,83.0340881347656,77.2388067245483,0,48.3127264543013,0,40.1210746765137,0,0,0,0,0,0,0,0,0,173.154479980469,0,0,0
0,0,0,0,0,0,0,0,0,0,0,0,0,0,0,0,0,0,0,0,0,0,0,0,0,0,0,0,0,0,0,0,0,0,0,0,0,0,0,0,0,0,0,0,0,0,0,0,0,0,0,0,0,0,0,0,0,0,0,0,66.0284828186035,0,0,125.530573527018,0,0,0,0,0,75.1808109283447,0,0,44.418047785759,0,0,152.449600219727,70.7466201782227,94.1790306908744,98.9920425415039,0,0,52.1316445668538,0,0,0,147.505020141602,0,0,0,0,0,0,87.8129915509905,0,0,57.1563316345215,176.22607421875,0,0,0
0,0,0,0,0,0,0,0,0,0,0,0,0,0,0,0,0,0,0,0,0,0,0,0,0,0,0,0,0,0,0,0,0,0,0,0,0,0,0,0,0,0,0,0,0,0,0,0,0,0,0,0,0,0,0,0,0,0,0,0,0,66.9748153686523,0,198.565704345703,0,0,0,0,0,0,0,88.0245819091797,183.227157592773,0,0,101.874923706055,0,0,0,0,0,0,0,0,0,0,0,0,0,0,198.781768798828,0,0,57.4125022888184,0,0,111.385372161865,44.849960009257,58.6803234100342,53.6211189031601
0,0,0,0,0,0,0,0,0,0,0,0,0,0,0,0,0,0,0,0,0,0,0,0,0,0,0,0,0,0,0,0,0,0,0,0,0,0,0,0,0,0,0,0,0,0,0,0,0,0,0,0,0,0,0,0,0,0,0,0,0,0,0,0,0,0,0,0,0,0,0,0,0,40.5979423522949,0,0,0,0,0,0,0,40.8765335083008,0,0,0,0,0,0,25.9390888214111,0,198.826950073242,0,75.2949104309082,0,0,37.7924293518066,0,0,0,0
0,0,0,0,0,0,0,0,0,0,0,0,0,0,0,0,0,0,0,0,0,0,0,0,0,0,0,0,0,0,0,0,0,0,0,0,0,0,0,0,0,0,0,0,0,0,0,0,0,0,0,0,0,0,0,0,0,0,0,0,0,0,0,26.5607472419739,0,104.057426452637,0,0,185.2099609375,0,104.349128723145,34.5624961853027,0,0,196.823188781738,116.728432846069,85.2687911987305,91.5827276706696,25.4994683265686,179.15837097168,0,134.12239074707,80.7029819488525,0,164.288284301758,0,0,92.0724258422852,102.072418212891,101.71314239502,96.820866394043,153.8258934021,110.764108276367,114.753173828125,62.6877897702731,0,77.7115058898926,169.245735168457,92.3950551350911,106.97038269043
0,0,0,0,0,0,0,0,0,0,0,0,0,0,0,0,0,0,0,0,0,0,0,0,0,0,0,0,0,0,0,0,0,0,0,0,0,0,0,0,0,0,0,0,0,0,0,0,0,0,0,0,0,0,0,0,0,0,0,0,0,0,0,0,19.3482260704041,0,0,43.3081760406494,0,0,0,0,0,61.2384452819824,0,0,0,0,0,0,0,0,0,56.4622799555461,0,0,0,0,0,0,0,0,0,0,71.4057159423828,0,0,0,0,0
0,0,0,0,0,0,0,0,0,0,0,0,0,0,0,0,0,0,0,0,0,0,0,0,0,0,0,0,0,0,0,0,0,0,0,0,0,0,0,0,0,0,0,0,0,0,0,0,0,0,0,0,0,0,0,0,0,0,0,0,0,0,0,0,0,41.8429203033447,45.8999267816544,0,72.8424041748047,126.718925476074,134.603576660156,0,0,0,115.868194580078,0,163.203338623047,0,0,0,89.7228660583496,0,41.5751628875732,0,0,0,32.359237353007,0,0,0,138.573379516602,94.0957717895508,0,0,0,0,0,0,0,0
0,0,0,0,0,0,0,0,0,0,0,0,0,0,0,0,0,0,0,0,0,0,0,0,0,0,0,0,0,0,0,0,0,0,0,0,0,0,0,0,0,0,0,0,0,0,0,0,0,0,0,0,0,0,0,0,0,0,0,0,0,0,0,0,0,0,33.6585149765015,0,57.7608184814453,92.1303596496582,0,0,0,0,0,132.655426025391,0,0,0,0,58.2821153004964,0,64.5118687947591,0,114.3186378479,0,0,0,0,0,0,90.595329284668,69.2802886962891,0,0,0,181.915679931641,0,0,0
0,0,0,0,0,0,0,0,0,0,0,0,0,0,0,0,0,0,0,0,0,0,0,0,0,0,0,0,0,0,0,0,0,0,0,0,0,0,0,0,0,0,0,0,0,0,0,0,0,0,0,0,0,0,0,0,0,0,0,0,0,0,0,0,0,0,0,15.5338376363118,0,0,0,0,0,13.8935594558716,0,0,0,0,189.18310546875,0,0,0,0,28.0610462824504,0,0,0,0,0,0,0,0,0,0,152.553863525391,0,0,0,0,0
0,0,0,0,0,0,0,0,0,0,0,0,0,0,0,0,0,0,0,0,0,0,0,0,0,0,0,0,0,0,0,0,0,0,0,0,0,0,0,0,0,0,0,0,0,0,0,0,0,0,0,0,0,0,0,0,0,0,0,0,0,0,0,0,0,0,0,0,48.0421405089529,63.1570204326085,0,0,0,0,0,0,0,0,0,0,27.7145156860352,0,66.767110824585,0,0,0,0,0,0,0,127.116218566895,62.6785128666804,0,0,0,0,0,0,0,0
0,0,0,0,0,0,0,0,0,0,0,0,0,0,0,0,0,0,0,0,0,0,0,0,0,0,0,0,0,0,0,0,0,0,0,0,0,0,0,0,0,0,0,0,0,0,0,0,0,0,0,0,0,0,0,0,0,0,0,0,0,0,0,0,0,0,0,0,0,49.5309914981618,0,0,0,0,0,81.0647833897517,71.2839965820312,0,0,0,63.9906955295139,0,132.637493133545,0,64.3569650650024,0,0,198.594207763672,0,0,0,56.9099520683289,0,173.184707641602,139.558822631836,0,64.2804489135742,0,0,0
0,0,0,0,0,0,0,0,0,0,0,0,0,0,0,0,0,0,0,0,0,0,0,0,0,0,0,0,0,0,0,0,0,0,0,0,0,0,0,0,0,0,0,0,0,0,0,0,0,0,0,0,0,0,0,0,0,0,0,0,0,0,0,0,0,0,0,0,0,0,46.6414182027181,0,0,0,0,0,0,0,0,187.30534362793,0,0,0,0,0,97.9884185791016,0,49.8718141555786,0,108.194414774577,95.7206058502197,0,0,0,132.630523681641,0,82.18017578125,115.804996490479,0,92.9280319213867
0,0,0,0,0,0,0,0,0,0,0,0,0,0,0,0,0,0,0,0,0,0,0,0,0,0,0,0,0,0,0,0,0,0,0,0,0,0,0,0,0,0,0,0,0,0,0,0,0,0,0,0,0,0,0,0,0,0,0,0,0,0,0,0,0,0,0,0,0,0,0,17.9274210929871,0,0,0,121.790222167969,0,0,0,0,0,0,0,0,0,60.4605703353882,0,0,0,0,0,161.417129516602,140.601257324219,61.372579574585,0,0,0,89.4518493652344,94.9566535949707,0
0,0,0,0,0,0,0,0,0,0,0,0,0,0,0,0,0,0,0,0,0,0,0,0,0,0,0,0,0,0,0,0,0,0,0,0,0,0,0,0,0,0,0,0,0,0,0,0,0,0,0,0,0,0,0,0,0,0,0,0,0,0,0,0,0,0,0,0,0,0,0,0,27.7300222396851,0,0,97.1310751778739,0,90.4750534057617,0,80.0336093902588,133.594661712646,0,0,0,0,0,0,0,0,0,0,188.050445556641,45.548469543457,0,120.799987792969,0,57.38720703125,60.4320526123047,0,0
0,0,0,0,0,0,0,0,0,0,0,0,0,0,0,0,0,0,0,0,0,0,0,0,0,0,0,0,0,0,0,0,0,0,0,0,0,0,0,0,0,0,0,0,0,0,0,0,0,0,0,0,0,0,0,0,0,0,0,0,0,0,0,0,0,0,0,0,0,0,0,0,0,31.7066342830658,0,0,0,0,0,0,0,0,0,31.0185085932414,0,0,0,0,44.5695838928223,0,0,0,54.5267362594604,0,94.1810836791992,154.544692993164,0,0,0,0
0,0,0,0,0,0,0,0,0,0,0,0,0,0,0,0,0,0,0,0,0,0,0,0,0,0,0,0,0,0,0,0,0,0,0,0,0,0,0,0,0,0,0,0,0,0,0,0,0,0,0,0,0,0,0,0,0,0,0,0,0,0,0,0,0,0,0,0,0,0,0,0,0,0,29.2115520749773,0,0,0,0,0,0,0,0,0,0,0,0,0,0,73.6204528808594,0,0,0,0,0,0,0,0,0,0
0,0,0,0,0,0,0,0,0,0,0,0,0,0,0,0,0,0,0,0,0,0,0,0,0,0,0,0,0,0,0,0,0,0,0,0,0,0,0,0,0,0,0,0,0,0,0,0,0,0,0,0,0,0,0,0,0,0,0,0,0,0,0,0,0,0,0,0,0,0,0,0,0,0,0,87.4421722412109,0,86.4668896993001,0,73.810403415135,90.7372573852539,109.830642700195,198.496154785156,0,112.502260843913,134.972347259521,0,0,0,0,152.946535110474,52.0350145612444,96.6254603068034,75.9066848754883,149.531421661377,0,66.4263972369107,115.862426757812,62.4590104103088,97.982816696167
0,0,0,0,0,0,0,0,0,0,0,0,0,0,0,0,0,0,0,0,0,0,0,0,0,0,0,0,0,0,0,0,0,0,0,0,0,0,0,0,0,0,0,0,0,0,0,0,0,0,0,0,0,0,0,0,0,0,0,0,0,0,0,0,0,0,0,0,0,0,0,0,0,0,0,0,39.4142524401347,0,0,0,105.894607543945,39.7743428945541,136.171081542969,0,0,0,0,0,51.6991515159607,0,0,0,83.6830024719238,0,0,86.7099132537842,0,0,0,0
0,0,0,0,0,0,0,0,0,0,0,0,0,0,0,0,0,0,0,0,0,0,0,0,0,0,0,0,0,0,0,0,0,0,0,0,0,0,0,0,0,0,0,0,0,0,0,0,0,0,0,0,0,0,0,0,0,0,0,0,0,0,0,0,0,0,0,0,0,0,0,0,0,0,0,0,0,50.413773727417,0,0,0,0,112.958587646484,0,136.508666992188,0,0,0,0,0,0,0,106.13087387085,64.3141326904297,108.832682291667,0,173.701751708984,0,78.2689819335938,0
0,0,0,0,0,0,0,0,0,0,0,0,0,0,0,0,0,0,0,0,0,0,0,0,0,0,0,0,0,0,0,0,0,0,0,0,0,0,0,0,0,0,0,0,0,0,0,0,0,0,0,0,0,0,0,0,0,0,0,0,0,0,0,0,0,0,0,0,0,0,0,0,0,0,0,0,0,0,22.295881430308,0,0,0,0,0,0,0,0,0,0,0,111.950805664062,0,0,0,53.1296016693115,0,0,0,0,0
0,0,0,0,0,0,0,0,0,0,0,0,0,0,0,0,0,0,0,0,0,0,0,0,0,0,0,0,0,0,0,0,0,0,0,0,0,0,0,0,0,0,0,0,0,0,0,0,0,0,0,0,0,0,0,0,0,0,0,0,0,0,0,0,0,0,0,0,0,0,0,0,0,0,0,0,0,0,0,33.9455831845601,0,0,0,0,0,0,0,0,84.0746688842773,163.117660522461,129.587615966797,138.459808349609,92.0683059692383,90.9612731933594,116.57056427002,0,98.8940794626872,85.1767578125,20.8129730224609,109.811908721924
0,0,0,0,0,0,0,0,0,0,0,0,0,0,0,0,0,0,0,0,0,0,0,0,0,0,0,0,0,0,0,0,0,0,0,0,0,0,0,0,0,0,0,0,0,0,0,0,0,0,0,0,0,0,0,0,0,0,0,0,0,0,0,0,0,0,0,0,0,0,0,0,0,0,0,0,0,0,0,0,24.7521018981934,164.292343139648,59.9515740530831,0,51.2063212828203,0,0,0,0,169.291488647461,0,82.8181059095595,0,192.075531005859,0,0,129.046352386475,198.482345581055,0,0
0,0,0,0,0,0,0,0,0,0,0,0,0,0,0,0,0,0,0,0,0,0,0,0,0,0,0,0,0,0,0,0,0,0,0,0,0,0,0,0,0,0,0,0,0,0,0,0,0,0,0,0,0,0,0,0,0,0,0,0,0,0,0,0,0,0,0,0,0,0,0,0,0,0,0,0,0,0,0,0,0,24.9910116195679,0,0,98.8965911865234,0,0,0,85.5382194519043,0,0,0,56.3586044311523,0,0,0,0,0,0,0
0,0,0,0,0,0,0,0,0,0,0,0,0,0,0,0,0,0,0,0,0,0,0,0,0,0,0,0,0,0,0,0,0,0,0,0,0,0,0,0,0,0,0,0,0,0,0,0,0,0,0,0,0,0,0,0,0,0,0,0,0,0,0,0,0,0,0,0,0,0,0,0,0,0,0,0,0,0,0,0,0,0,22.6591128741994,0,84.5670700073242,0,43.5363664627075,0,0,117.257141113281,124.725166320801,83.1647288004557,117.222460428874,0,0,0,171.544158935547,0,0,0
0,0,0,0,0,0,0,0,0,0,0,0,0,0,0,0,0,0,0,0,0,0,0,0,0,0,0,0,0,0,0,0,0,0,0,0,0,0,0,0,0,0,0,0,0,0,0,0,0,0,0,0,0,0,0,0,0,0,0,0,0,0,0,0,0,0,0,0,0,0,0,0,0,0,0,0,0,0,0,0,0,0,0,18.3028807640076,0,0,0,0,0,0,0,0,81.7051973342896,0,88.3076629638672,0,0,0,0,0
0,0,0,0,0,0,0,0,0,0,0,0,0,0,0,0,0,0,0,0,0,0,0,0,0,0,0,0,0,0,0,0,0,0,0,0,0,0,0,0,0,0,0,0,0,0,0,0,0,0,0,0,0,0,0,0,0,0,0,0,0,0,0,0,0,0,0,0,0,0,0,0,0,0,0,0,0,0,0,0,0,0,0,0,36.4616340001424,0,0,0,104.970596313477,0,0,81.118034362793,0,0,0,0,0,0,0,0
0,0,0,0,0,0,0,0,0,0,0,0,0,0,0,0,0,0,0,0,0,0,0,0,0,0,0,0,0,0,0,0,0,0,0,0,0,0,0,0,0,0,0,0,0,0,0,0,0,0,0,0,0,0,0,0,0,0,0,0,0,0,0,0,0,0,0,0,0,0,0,0,0,0,0,0,0,0,0,0,0,0,0,0,0,36.5975901739938,0,0,0,0,0,0,0,39.8538370132446,0,0,0,84.7227756500244,71.8041973114014,0
0,0,0,0,0,0,0,0,0,0,0,0,0,0,0,0,0,0,0,0,0,0,0,0,0,0,0,0,0,0,0,0,0,0,0,0,0,0,0,0,0,0,0,0,0,0,0,0,0,0,0,0,0,0,0,0,0,0,0,0,0,0,0,0,0,0,0,0,0,0,0,0,0,0,0,0,0,0,0,0,0,0,0,0,0,0,16.8702521324158,0,0,0,0,0,0,0,0,0,0,0,0,0
0,0,0,0,0,0,0,0,0,0,0,0,0,0,0,0,0,0,0,0,0,0,0,0,0,0,0,0,0,0,0,0,0,0,0,0,0,0,0,0,0,0,0,0,0,0,0,0,0,0,0,0,0,0,0,0,0,0,0,0,0,0,0,0,0,0,0,0,0,0,0,0,0,0,0,0,0,0,0,0,0,0,0,0,0,0,0,42.9407935142517,0,0,73.5784068107605,0,0,0,0,0,0,0,0,161.316513061523
0,0,0,0,0,0,0,0,0,0,0,0,0,0,0,0,0,0,0,0,0,0,0,0,0,0,0,0,0,0,0,0,0,0,0,0,0,0,0,0,0,0,0,0,0,0,0,0,0,0,0,0,0,0,0,0,0,0,0,0,0,0,0,0,0,0,0,0,0,0,0,0,0,0,0,0,0,0,0,0,0,0,0,0,0,0,0,0,33.232540512085,0,0,0,83.0491256713867,0,0,39.0687341690063,133.567642211914,0,0,0
0,0,0,0,0,0,0,0,0,0,0,0,0,0,0,0,0,0,0,0,0,0,0,0,0,0,0,0,0,0,0,0,0,0,0,0,0,0,0,0,0,0,0,0,0,0,0,0,0,0,0,0,0,0,0,0,0,0,0,0,0,0,0,0,0,0,0,0,0,0,0,0,0,0,0,0,0,0,0,0,0,0,0,0,0,0,0,0,0,31.6191940784454,131.56364440918,162.212188720703,0,0,192.795433044434,0,100.909133911133,0,0,198.720596313477
0,0,0,0,0,0,0,0,0,0,0,0,0,0,0,0,0,0,0,0,0,0,0,0,0,0,0,0,0,0,0,0,0,0,0,0,0,0,0,0,0,0,0,0,0,0,0,0,0,0,0,0,0,0,0,0,0,0,0,0,0,0,0,0,0,0,0,0,0,0,0,0,0,0,0,0,0,0,0,0,0,0,0,0,0,0,0,0,0,0,44.9164932966232,0,0,0,89.6002025604248,0,63.9952823850844,131.708602905273,0,68.8330020904541
0,0,0,0,0,0,0,0,0,0,0,0,0,0,0,0,0,0,0,0,0,0,0,0,0,0,0,0,0,0,0,0,0,0,0,0,0,0,0,0,0,0,0,0,0,0,0,0,0,0,0,0,0,0,0,0,0,0,0,0,0,0,0,0,0,0,0,0,0,0,0,0,0,0,0,0,0,0,0,0,0,0,0,0,0,0,0,0,0,0,0,32.5716523329417,110.21272277832,0,0,0,75.729248046875,0,132.590789794922,139.585494995117
0,0,0,0,0,0,0,0,0,0,0,0,0,0,0,0,0,0,0,0,0,0,0,0,0,0,0,0,0,0,0,0,0,0,0,0,0,0,0,0,0,0,0,0,0,0,0,0,0,0,0,0,0,0,0,0,0,0,0,0,0,0,0,0,0,0,0,0,0,0,0,0,0,0,0,0,0,0,0,0,0,0,0,0,0,0,0,0,0,0,0,0,22.7941151724921,0,70.6504364013672,52.5154300689697,114.810722351074,0,0,0
0,0,0,0,0,0,0,0,0,0,0,0,0,0,0,0,0,0,0,0,0,0,0,0,0,0,0,0,0,0,0,0,0,0,0,0,0,0,0,0,0,0,0,0,0,0,0,0,0,0,0,0,0,0,0,0,0,0,0,0,0,0,0,0,0,0,0,0,0,0,0,0,0,0,0,0,0,0,0,0,0,0,0,0,0,0,0,0,0,0,0,0,0,34.5022127628326,136.665023803711,0,0,54.031697845459,63.5307441711426,50.1242307027181
0,0,0,0,0,0,0,0,0,0,0,0,0,0,0,0,0,0,0,0,0,0,0,0,0,0,0,0,0,0,0,0,0,0,0,0,0,0,0,0,0,0,0,0,0,0,0,0,0,0,0,0,0,0,0,0,0,0,0,0,0,0,0,0,0,0,0,0,0,0,0,0,0,0,0,0,0,0,0,0,0,0,0,0,0,0,0,0,0,0,0,0,0,0,17.7089880534581,0,88.9694366455078,0,104.925933837891,0
0,0,0,0,0,0,0,0,0,0,0,0,0,0,0,0,0,0,0,0,0,0,0,0,0,0,0,0,0,0,0,0,0,0,0,0,0,0,0,0,0,0,0,0,0,0,0,0,0,0,0,0,0,0,0,0,0,0,0,0,0,0,0,0,0,0,0,0,0,0,0,0,0,0,0,0,0,0,0,0,0,0,0,0,0,0,0,0,0,0,0,0,0,0,0,10.8915958404541,0,0,0,0
0,0,0,0,0,0,0,0,0,0,0,0,0,0,0,0,0,0,0,0,0,0,0,0,0,0,0,0,0,0,0,0,0,0,0,0,0,0,0,0,0,0,0,0,0,0,0,0,0,0,0,0,0,0,0,0,0,0,0,0,0,0,0,0,0,0,0,0,0,0,0,0,0,0,0,0,0,0,0,0,0,0,0,0,0,0,0,0,0,0,0,0,0,0,0,0,60.8062364578247,121.720792770386,121.675491333008,94.4379669189453
0,0,0,0,0,0,0,0,0,0,0,0,0,0,0,0,0,0,0,0,0,0,0,0,0,0,0,0,0,0,0,0,0,0,0,0,0,0,0,0,0,0,0,0,0,0,0,0,0,0,0,0,0,0,0,0,0,0,0,0,0,0,0,0,0,0,0,0,0,0,0,0,0,0,0,0,0,0,0,0,0,0,0,0,0,0,0,0,0,0,0,0,0,0,0,0,0,38.483173251152,83.6762985229492,78.9159427442049
0,0,0,0,0,0,0,0,0,0,0,0,0,0,0,0,0,0,0,0,0,0,0,0,0,0,0,0,0,0,0,0,0,0,0,0,0,0,0,0,0,0,0,0,0,0,0,0,0,0,0,0,0,0,0,0,0,0,0,0,0,0,0,0,0,0,0,0,0,0,0,0,0,0,0,0,0,0,0,0,0,0,0,0,0,0,0,0,0,0,0,0,0,0,0,0,0,0,53.7841932205927,67.4204446673393
0,0,0,0,0,0,0,0,0,0,0,0,0,0,0,0,0,0,0,0,0,0,0,0,0,0,0,0,0,0,0,0,0,0,0,0,0,0,0,0,0,0,0,0,0,0,0,0,0,0,0,0,0,0,0,0,0,0,0,0,0,0,0,0,0,0,0,0,0,0,0,0,0,0,0,0,0,0,0,0,0,0,0,0,0,0,0,0,0,0,0,0,0,0,0,0,0,0,0,74.4873309888338
